
Cell sky130_fd_sc_hd__diode_2 (0) disconnected node: DIODE
Cell sky130_fd_sc_hd__diode_2 (0) disconnected node: VGND
Cell sky130_fd_sc_hd__diode_2 (0) disconnected node: VNB
Cell sky130_fd_sc_hd__diode_2 (0) disconnected node: VPB
Cell sky130_fd_sc_hd__diode_2 (0) disconnected node: VPWR
Warning: Equate pins:  cell sky130_fd_sc_hd__diode_2 is a placeholder, treated as a black box.

Subcircuit pins:
Circuit 1: sky130_fd_sc_hd__diode_2        |Circuit 2: sky130_fd_sc_hd__diode_2        
-------------------------------------------|-------------------------------------------
DIODE                                      |DIODE                                      
VGND                                       |VGND                                       
VNB                                        |VNB                                        
VPB                                        |VPB                                        
VPWR                                       |VPWR                                       
---------------------------------------------------------------------------------------
Cell pin lists are equivalent.
Device classes sky130_fd_sc_hd__diode_2 and sky130_fd_sc_hd__diode_2 are equivalent.

Cell sky130_fd_sc_hd__fill_2 (0) disconnected node: VGND
Cell sky130_fd_sc_hd__fill_2 (0) disconnected node: VNB
Cell sky130_fd_sc_hd__fill_2 (0) disconnected node: VPB
Cell sky130_fd_sc_hd__fill_2 (0) disconnected node: VPWR
Warning: Equate pins:  cell sky130_fd_sc_hd__fill_2 is a placeholder, treated as a black box.

Subcircuit pins:
Circuit 1: sky130_fd_sc_hd__fill_2         |Circuit 2: sky130_fd_sc_hd__fill_2         
-------------------------------------------|-------------------------------------------
VGND                                       |VGND                                       
VNB                                        |VNB                                        
VPB                                        |VPB                                        
VPWR                                       |VPWR                                       
---------------------------------------------------------------------------------------
Cell pin lists are equivalent.
Device classes sky130_fd_sc_hd__fill_2 and sky130_fd_sc_hd__fill_2 are equivalent.

Cell sky130_fd_sc_hd__o22a_1 (0) disconnected node: A1
Cell sky130_fd_sc_hd__o22a_1 (0) disconnected node: A2
Cell sky130_fd_sc_hd__o22a_1 (0) disconnected node: B1
Cell sky130_fd_sc_hd__o22a_1 (0) disconnected node: B2
Cell sky130_fd_sc_hd__o22a_1 (0) disconnected node: VGND
Cell sky130_fd_sc_hd__o22a_1 (0) disconnected node: VNB
Cell sky130_fd_sc_hd__o22a_1 (0) disconnected node: VPB
Cell sky130_fd_sc_hd__o22a_1 (0) disconnected node: VPWR
Cell sky130_fd_sc_hd__o22a_1 (0) disconnected node: X
Warning: Equate pins:  cell sky130_fd_sc_hd__o22a_1 is a placeholder, treated as a black box.

Subcircuit pins:
Circuit 1: sky130_fd_sc_hd__o22a_1         |Circuit 2: sky130_fd_sc_hd__o22a_1         
-------------------------------------------|-------------------------------------------
A1                                         |A1                                         
A2                                         |A2                                         
B1                                         |B1                                         
B2                                         |B2                                         
VGND                                       |VGND                                       
VNB                                        |VNB                                        
VPB                                        |VPB                                        
VPWR                                       |VPWR                                       
X                                          |X                                          
---------------------------------------------------------------------------------------
Cell pin lists are equivalent.
Device classes sky130_fd_sc_hd__o22a_1 and sky130_fd_sc_hd__o22a_1 are equivalent.

Cell sky130_fd_sc_hd__xor2_1 (0) disconnected node: A
Cell sky130_fd_sc_hd__xor2_1 (0) disconnected node: B
Cell sky130_fd_sc_hd__xor2_1 (0) disconnected node: VGND
Cell sky130_fd_sc_hd__xor2_1 (0) disconnected node: VNB
Cell sky130_fd_sc_hd__xor2_1 (0) disconnected node: VPB
Cell sky130_fd_sc_hd__xor2_1 (0) disconnected node: VPWR
Cell sky130_fd_sc_hd__xor2_1 (0) disconnected node: X
Warning: Equate pins:  cell sky130_fd_sc_hd__xor2_1 is a placeholder, treated as a black box.

Subcircuit pins:
Circuit 1: sky130_fd_sc_hd__xor2_1         |Circuit 2: sky130_fd_sc_hd__xor2_1         
-------------------------------------------|-------------------------------------------
A                                          |A                                          
B                                          |B                                          
VGND                                       |VGND                                       
VNB                                        |VNB                                        
VPB                                        |VPB                                        
VPWR                                       |VPWR                                       
X                                          |X                                          
---------------------------------------------------------------------------------------
Cell pin lists are equivalent.
Device classes sky130_fd_sc_hd__xor2_1 and sky130_fd_sc_hd__xor2_1 are equivalent.

Cell sky130_fd_sc_hd__decap_4 (0) disconnected node: VGND
Cell sky130_fd_sc_hd__decap_4 (0) disconnected node: VNB
Cell sky130_fd_sc_hd__decap_4 (0) disconnected node: VPB
Cell sky130_fd_sc_hd__decap_4 (0) disconnected node: VPWR
Warning: Equate pins:  cell sky130_fd_sc_hd__decap_4 is a placeholder, treated as a black box.

Subcircuit pins:
Circuit 1: sky130_fd_sc_hd__decap_4        |Circuit 2: sky130_fd_sc_hd__decap_4        
-------------------------------------------|-------------------------------------------
VGND                                       |VGND                                       
VNB                                        |VNB                                        
VPB                                        |VPB                                        
VPWR                                       |VPWR                                       
---------------------------------------------------------------------------------------
Cell pin lists are equivalent.
Device classes sky130_fd_sc_hd__decap_4 and sky130_fd_sc_hd__decap_4 are equivalent.

Cell sky130_fd_sc_hd__decap_8 (0) disconnected node: VGND
Cell sky130_fd_sc_hd__decap_8 (0) disconnected node: VNB
Cell sky130_fd_sc_hd__decap_8 (0) disconnected node: VPB
Cell sky130_fd_sc_hd__decap_8 (0) disconnected node: VPWR
Warning: Equate pins:  cell sky130_fd_sc_hd__decap_8 is a placeholder, treated as a black box.

Subcircuit pins:
Circuit 1: sky130_fd_sc_hd__decap_8        |Circuit 2: sky130_fd_sc_hd__decap_8        
-------------------------------------------|-------------------------------------------
VGND                                       |VGND                                       
VNB                                        |VNB                                        
VPB                                        |VPB                                        
VPWR                                       |VPWR                                       
---------------------------------------------------------------------------------------
Cell pin lists are equivalent.
Device classes sky130_fd_sc_hd__decap_8 and sky130_fd_sc_hd__decap_8 are equivalent.

Cell sky130_fd_sc_hd__fill_1 (0) disconnected node: VGND
Cell sky130_fd_sc_hd__fill_1 (0) disconnected node: VNB
Cell sky130_fd_sc_hd__fill_1 (0) disconnected node: VPB
Cell sky130_fd_sc_hd__fill_1 (0) disconnected node: VPWR
Warning: Equate pins:  cell sky130_fd_sc_hd__fill_1 is a placeholder, treated as a black box.

Subcircuit pins:
Circuit 1: sky130_fd_sc_hd__fill_1         |Circuit 2: sky130_fd_sc_hd__fill_1         
-------------------------------------------|-------------------------------------------
VGND                                       |VGND                                       
VNB                                        |VNB                                        
VPB                                        |VPB                                        
VPWR                                       |VPWR                                       
---------------------------------------------------------------------------------------
Cell pin lists are equivalent.
Device classes sky130_fd_sc_hd__fill_1 and sky130_fd_sc_hd__fill_1 are equivalent.

Cell sky130_fd_sc_hd__clkbuf_1 (0) disconnected node: A
Cell sky130_fd_sc_hd__clkbuf_1 (0) disconnected node: VGND
Cell sky130_fd_sc_hd__clkbuf_1 (0) disconnected node: VNB
Cell sky130_fd_sc_hd__clkbuf_1 (0) disconnected node: VPB
Cell sky130_fd_sc_hd__clkbuf_1 (0) disconnected node: VPWR
Cell sky130_fd_sc_hd__clkbuf_1 (0) disconnected node: X
Warning: Equate pins:  cell sky130_fd_sc_hd__clkbuf_1 is a placeholder, treated as a black box.

Subcircuit pins:
Circuit 1: sky130_fd_sc_hd__clkbuf_1       |Circuit 2: sky130_fd_sc_hd__clkbuf_1       
-------------------------------------------|-------------------------------------------
A                                          |A                                          
VGND                                       |VGND                                       
VNB                                        |VNB                                        
VPB                                        |VPB                                        
VPWR                                       |VPWR                                       
X                                          |X                                          
---------------------------------------------------------------------------------------
Cell pin lists are equivalent.
Device classes sky130_fd_sc_hd__clkbuf_1 and sky130_fd_sc_hd__clkbuf_1 are equivalent.

Cell sky130_ef_sc_hd__decap_12 (0) disconnected node: VPWR
Cell sky130_ef_sc_hd__decap_12 (0) disconnected node: VGND
Cell sky130_ef_sc_hd__decap_12 (0) disconnected node: VPB
Cell sky130_ef_sc_hd__decap_12 (0) disconnected node: VNB
Warning: Equate pins:  cell sky130_ef_sc_hd__decap_12 is a placeholder, treated as a black box.

Subcircuit pins:
Circuit 1: sky130_ef_sc_hd__decap_12       |Circuit 2: sky130_ef_sc_hd__decap_12       
-------------------------------------------|-------------------------------------------
VPWR                                       |VPWR                                       
VGND                                       |VGND                                       
VPB                                        |VPB                                        
VNB                                        |VNB                                        
---------------------------------------------------------------------------------------
Cell pin lists are equivalent.
Device classes sky130_ef_sc_hd__decap_12 and sky130_ef_sc_hd__decap_12 are equivalent.

Cell sky130_fd_sc_hd__inv_2 (0) disconnected node: A
Cell sky130_fd_sc_hd__inv_2 (0) disconnected node: VGND
Cell sky130_fd_sc_hd__inv_2 (0) disconnected node: VNB
Cell sky130_fd_sc_hd__inv_2 (0) disconnected node: VPB
Cell sky130_fd_sc_hd__inv_2 (0) disconnected node: VPWR
Cell sky130_fd_sc_hd__inv_2 (0) disconnected node: Y
Warning: Equate pins:  cell sky130_fd_sc_hd__inv_2 is a placeholder, treated as a black box.

Subcircuit pins:
Circuit 1: sky130_fd_sc_hd__inv_2          |Circuit 2: sky130_fd_sc_hd__inv_2          
-------------------------------------------|-------------------------------------------
A                                          |A                                          
VGND                                       |VGND                                       
VNB                                        |VNB                                        
VPB                                        |VPB                                        
VPWR                                       |VPWR                                       
Y                                          |Y                                          
---------------------------------------------------------------------------------------
Cell pin lists are equivalent.
Device classes sky130_fd_sc_hd__inv_2 and sky130_fd_sc_hd__inv_2 are equivalent.

Cell sky130_fd_sc_hd__decap_6 (0) disconnected node: VGND
Cell sky130_fd_sc_hd__decap_6 (0) disconnected node: VNB
Cell sky130_fd_sc_hd__decap_6 (0) disconnected node: VPB
Cell sky130_fd_sc_hd__decap_6 (0) disconnected node: VPWR
Warning: Equate pins:  cell sky130_fd_sc_hd__decap_6 is a placeholder, treated as a black box.

Subcircuit pins:
Circuit 1: sky130_fd_sc_hd__decap_6        |Circuit 2: sky130_fd_sc_hd__decap_6        
-------------------------------------------|-------------------------------------------
VGND                                       |VGND                                       
VNB                                        |VNB                                        
VPB                                        |VPB                                        
VPWR                                       |VPWR                                       
---------------------------------------------------------------------------------------
Cell pin lists are equivalent.
Device classes sky130_fd_sc_hd__decap_6 and sky130_fd_sc_hd__decap_6 are equivalent.

Cell sky130_fd_sc_hd__dfrtp_1 (0) disconnected node: CLK
Cell sky130_fd_sc_hd__dfrtp_1 (0) disconnected node: D
Cell sky130_fd_sc_hd__dfrtp_1 (0) disconnected node: RESET_B
Cell sky130_fd_sc_hd__dfrtp_1 (0) disconnected node: VGND
Cell sky130_fd_sc_hd__dfrtp_1 (0) disconnected node: VNB
Cell sky130_fd_sc_hd__dfrtp_1 (0) disconnected node: VPB
Cell sky130_fd_sc_hd__dfrtp_1 (0) disconnected node: VPWR
Cell sky130_fd_sc_hd__dfrtp_1 (0) disconnected node: Q
Warning: Equate pins:  cell sky130_fd_sc_hd__dfrtp_1 is a placeholder, treated as a black box.

Subcircuit pins:
Circuit 1: sky130_fd_sc_hd__dfrtp_1        |Circuit 2: sky130_fd_sc_hd__dfrtp_1        
-------------------------------------------|-------------------------------------------
CLK                                        |CLK                                        
D                                          |D                                          
RESET_B                                    |RESET_B                                    
VGND                                       |VGND                                       
VNB                                        |VNB                                        
VPB                                        |VPB                                        
VPWR                                       |VPWR                                       
Q                                          |Q                                          
---------------------------------------------------------------------------------------
Cell pin lists are equivalent.
Device classes sky130_fd_sc_hd__dfrtp_1 and sky130_fd_sc_hd__dfrtp_1 are equivalent.

Cell sky130_fd_sc_hd__tapvpwrvgnd_1 (0) disconnected node: VGND
Cell sky130_fd_sc_hd__tapvpwrvgnd_1 (0) disconnected node: VPWR
Warning: Equate pins:  cell sky130_fd_sc_hd__tapvpwrvgnd_1 is a placeholder, treated as a black box.

Subcircuit pins:
Circuit 1: sky130_fd_sc_hd__tapvpwrvgnd_1  |Circuit 2: sky130_fd_sc_hd__tapvpwrvgnd_1  
-------------------------------------------|-------------------------------------------
VGND                                       |VGND                                       
VPWR                                       |VPWR                                       
---------------------------------------------------------------------------------------
Cell pin lists are equivalent.
Device classes sky130_fd_sc_hd__tapvpwrvgnd_1 and sky130_fd_sc_hd__tapvpwrvgnd_1 are equivalent.

Cell sky130_fd_sc_hd__decap_3 (0) disconnected node: VGND
Cell sky130_fd_sc_hd__decap_3 (0) disconnected node: VNB
Cell sky130_fd_sc_hd__decap_3 (0) disconnected node: VPB
Cell sky130_fd_sc_hd__decap_3 (0) disconnected node: VPWR
Warning: Equate pins:  cell sky130_fd_sc_hd__decap_3 is a placeholder, treated as a black box.

Subcircuit pins:
Circuit 1: sky130_fd_sc_hd__decap_3        |Circuit 2: sky130_fd_sc_hd__decap_3        
-------------------------------------------|-------------------------------------------
VGND                                       |VGND                                       
VNB                                        |VNB                                        
VPB                                        |VPB                                        
VPWR                                       |VPWR                                       
---------------------------------------------------------------------------------------
Cell pin lists are equivalent.
Device classes sky130_fd_sc_hd__decap_3 and sky130_fd_sc_hd__decap_3 are equivalent.

Cell sky130_fd_sc_hd__mux2_1 (0) disconnected node: A0
Cell sky130_fd_sc_hd__mux2_1 (0) disconnected node: A1
Cell sky130_fd_sc_hd__mux2_1 (0) disconnected node: S
Cell sky130_fd_sc_hd__mux2_1 (0) disconnected node: VGND
Cell sky130_fd_sc_hd__mux2_1 (0) disconnected node: VNB
Cell sky130_fd_sc_hd__mux2_1 (0) disconnected node: VPB
Cell sky130_fd_sc_hd__mux2_1 (0) disconnected node: VPWR
Cell sky130_fd_sc_hd__mux2_1 (0) disconnected node: X
Warning: Equate pins:  cell sky130_fd_sc_hd__mux2_1 is a placeholder, treated as a black box.

Subcircuit pins:
Circuit 1: sky130_fd_sc_hd__mux2_1         |Circuit 2: sky130_fd_sc_hd__mux2_1         
-------------------------------------------|-------------------------------------------
A0                                         |A0                                         
A1                                         |A1                                         
S                                          |S                                          
VGND                                       |VGND                                       
VNB                                        |VNB                                        
VPB                                        |VPB                                        
VPWR                                       |VPWR                                       
X                                          |X                                          
---------------------------------------------------------------------------------------
Cell pin lists are equivalent.
Device classes sky130_fd_sc_hd__mux2_1 and sky130_fd_sc_hd__mux2_1 are equivalent.

Cell sky130_fd_sc_hd__and2_1 (0) disconnected node: A
Cell sky130_fd_sc_hd__and2_1 (0) disconnected node: B
Cell sky130_fd_sc_hd__and2_1 (0) disconnected node: VGND
Cell sky130_fd_sc_hd__and2_1 (0) disconnected node: VNB
Cell sky130_fd_sc_hd__and2_1 (0) disconnected node: VPB
Cell sky130_fd_sc_hd__and2_1 (0) disconnected node: VPWR
Cell sky130_fd_sc_hd__and2_1 (0) disconnected node: X
Warning: Equate pins:  cell sky130_fd_sc_hd__and2_1 is a placeholder, treated as a black box.

Subcircuit pins:
Circuit 1: sky130_fd_sc_hd__and2_1         |Circuit 2: sky130_fd_sc_hd__and2_1         
-------------------------------------------|-------------------------------------------
A                                          |A                                          
B                                          |B                                          
VGND                                       |VGND                                       
VNB                                        |VNB                                        
VPB                                        |VPB                                        
VPWR                                       |VPWR                                       
X                                          |X                                          
---------------------------------------------------------------------------------------
Cell pin lists are equivalent.
Device classes sky130_fd_sc_hd__and2_1 and sky130_fd_sc_hd__and2_1 are equivalent.

Cell sky130_fd_sc_hd__or4_1 (0) disconnected node: A
Cell sky130_fd_sc_hd__or4_1 (0) disconnected node: B
Cell sky130_fd_sc_hd__or4_1 (0) disconnected node: C
Cell sky130_fd_sc_hd__or4_1 (0) disconnected node: D
Cell sky130_fd_sc_hd__or4_1 (0) disconnected node: VGND
Cell sky130_fd_sc_hd__or4_1 (0) disconnected node: VNB
Cell sky130_fd_sc_hd__or4_1 (0) disconnected node: VPB
Cell sky130_fd_sc_hd__or4_1 (0) disconnected node: VPWR
Cell sky130_fd_sc_hd__or4_1 (0) disconnected node: X
Warning: Equate pins:  cell sky130_fd_sc_hd__or4_1 is a placeholder, treated as a black box.

Subcircuit pins:
Circuit 1: sky130_fd_sc_hd__or4_1          |Circuit 2: sky130_fd_sc_hd__or4_1          
-------------------------------------------|-------------------------------------------
A                                          |A                                          
B                                          |B                                          
C                                          |C                                          
D                                          |D                                          
VGND                                       |VGND                                       
VNB                                        |VNB                                        
VPB                                        |VPB                                        
VPWR                                       |VPWR                                       
X                                          |X                                          
---------------------------------------------------------------------------------------
Cell pin lists are equivalent.
Device classes sky130_fd_sc_hd__or4_1 and sky130_fd_sc_hd__or4_1 are equivalent.

Cell sky130_fd_sc_hd__a22o_1 (0) disconnected node: A1
Cell sky130_fd_sc_hd__a22o_1 (0) disconnected node: A2
Cell sky130_fd_sc_hd__a22o_1 (0) disconnected node: B1
Cell sky130_fd_sc_hd__a22o_1 (0) disconnected node: B2
Cell sky130_fd_sc_hd__a22o_1 (0) disconnected node: VGND
Cell sky130_fd_sc_hd__a22o_1 (0) disconnected node: VNB
Cell sky130_fd_sc_hd__a22o_1 (0) disconnected node: VPB
Cell sky130_fd_sc_hd__a22o_1 (0) disconnected node: VPWR
Cell sky130_fd_sc_hd__a22o_1 (0) disconnected node: X
Warning: Equate pins:  cell sky130_fd_sc_hd__a22o_1 is a placeholder, treated as a black box.

Subcircuit pins:
Circuit 1: sky130_fd_sc_hd__a22o_1         |Circuit 2: sky130_fd_sc_hd__a22o_1         
-------------------------------------------|-------------------------------------------
A1                                         |A1                                         
A2                                         |A2                                         
B1                                         |B1                                         
B2                                         |B2                                         
VGND                                       |VGND                                       
VNB                                        |VNB                                        
VPB                                        |VPB                                        
VPWR                                       |VPWR                                       
X                                          |X                                          
---------------------------------------------------------------------------------------
Cell pin lists are equivalent.
Device classes sky130_fd_sc_hd__a22o_1 and sky130_fd_sc_hd__a22o_1 are equivalent.

Cell sky130_fd_sc_hd__a2bb2o_1 (0) disconnected node: A1_N
Cell sky130_fd_sc_hd__a2bb2o_1 (0) disconnected node: A2_N
Cell sky130_fd_sc_hd__a2bb2o_1 (0) disconnected node: B1
Cell sky130_fd_sc_hd__a2bb2o_1 (0) disconnected node: B2
Cell sky130_fd_sc_hd__a2bb2o_1 (0) disconnected node: VGND
Cell sky130_fd_sc_hd__a2bb2o_1 (0) disconnected node: VNB
Cell sky130_fd_sc_hd__a2bb2o_1 (0) disconnected node: VPB
Cell sky130_fd_sc_hd__a2bb2o_1 (0) disconnected node: VPWR
Cell sky130_fd_sc_hd__a2bb2o_1 (0) disconnected node: X
Warning: Equate pins:  cell sky130_fd_sc_hd__a2bb2o_1 is a placeholder, treated as a black box.

Subcircuit pins:
Circuit 1: sky130_fd_sc_hd__a2bb2o_1       |Circuit 2: sky130_fd_sc_hd__a2bb2o_1       
-------------------------------------------|-------------------------------------------
A1_N                                       |A1_N                                       
A2_N                                       |A2_N                                       
B1                                         |B1                                         
B2                                         |B2                                         
VGND                                       |VGND                                       
VNB                                        |VNB                                        
VPB                                        |VPB                                        
VPWR                                       |VPWR                                       
X                                          |X                                          
---------------------------------------------------------------------------------------
Cell pin lists are equivalent.
Device classes sky130_fd_sc_hd__a2bb2o_1 and sky130_fd_sc_hd__a2bb2o_1 are equivalent.

Cell sky130_fd_sc_hd__a21o_1 (0) disconnected node: A1
Cell sky130_fd_sc_hd__a21o_1 (0) disconnected node: A2
Cell sky130_fd_sc_hd__a21o_1 (0) disconnected node: B1
Cell sky130_fd_sc_hd__a21o_1 (0) disconnected node: VGND
Cell sky130_fd_sc_hd__a21o_1 (0) disconnected node: VNB
Cell sky130_fd_sc_hd__a21o_1 (0) disconnected node: VPB
Cell sky130_fd_sc_hd__a21o_1 (0) disconnected node: VPWR
Cell sky130_fd_sc_hd__a21o_1 (0) disconnected node: X
Warning: Equate pins:  cell sky130_fd_sc_hd__a21o_1 is a placeholder, treated as a black box.

Subcircuit pins:
Circuit 1: sky130_fd_sc_hd__a21o_1         |Circuit 2: sky130_fd_sc_hd__a21o_1         
-------------------------------------------|-------------------------------------------
A1                                         |A1                                         
A2                                         |A2                                         
B1                                         |B1                                         
VGND                                       |VGND                                       
VNB                                        |VNB                                        
VPB                                        |VPB                                        
VPWR                                       |VPWR                                       
X                                          |X                                          
---------------------------------------------------------------------------------------
Cell pin lists are equivalent.
Device classes sky130_fd_sc_hd__a21o_1 and sky130_fd_sc_hd__a21o_1 are equivalent.

Cell sky130_fd_sc_hd__or2_1 (0) disconnected node: A
Cell sky130_fd_sc_hd__or2_1 (0) disconnected node: B
Cell sky130_fd_sc_hd__or2_1 (0) disconnected node: VGND
Cell sky130_fd_sc_hd__or2_1 (0) disconnected node: VNB
Cell sky130_fd_sc_hd__or2_1 (0) disconnected node: VPB
Cell sky130_fd_sc_hd__or2_1 (0) disconnected node: VPWR
Cell sky130_fd_sc_hd__or2_1 (0) disconnected node: X
Warning: Equate pins:  cell sky130_fd_sc_hd__or2_1 is a placeholder, treated as a black box.

Subcircuit pins:
Circuit 1: sky130_fd_sc_hd__or2_1          |Circuit 2: sky130_fd_sc_hd__or2_1          
-------------------------------------------|-------------------------------------------
A                                          |A                                          
B                                          |B                                          
VGND                                       |VGND                                       
VNB                                        |VNB                                        
VPB                                        |VPB                                        
VPWR                                       |VPWR                                       
X                                          |X                                          
---------------------------------------------------------------------------------------
Cell pin lists are equivalent.
Device classes sky130_fd_sc_hd__or2_1 and sky130_fd_sc_hd__or2_1 are equivalent.

Cell sky130_fd_sc_hd__or3_1 (0) disconnected node: A
Cell sky130_fd_sc_hd__or3_1 (0) disconnected node: B
Cell sky130_fd_sc_hd__or3_1 (0) disconnected node: C
Cell sky130_fd_sc_hd__or3_1 (0) disconnected node: VGND
Cell sky130_fd_sc_hd__or3_1 (0) disconnected node: VNB
Cell sky130_fd_sc_hd__or3_1 (0) disconnected node: VPB
Cell sky130_fd_sc_hd__or3_1 (0) disconnected node: VPWR
Cell sky130_fd_sc_hd__or3_1 (0) disconnected node: X
Warning: Equate pins:  cell sky130_fd_sc_hd__or3_1 is a placeholder, treated as a black box.

Subcircuit pins:
Circuit 1: sky130_fd_sc_hd__or3_1          |Circuit 2: sky130_fd_sc_hd__or3_1          
-------------------------------------------|-------------------------------------------
A                                          |A                                          
B                                          |B                                          
C                                          |C                                          
VGND                                       |VGND                                       
VNB                                        |VNB                                        
VPB                                        |VPB                                        
VPWR                                       |VPWR                                       
X                                          |X                                          
---------------------------------------------------------------------------------------
Cell pin lists are equivalent.
Device classes sky130_fd_sc_hd__or3_1 and sky130_fd_sc_hd__or3_1 are equivalent.

Cell sky130_fd_sc_hd__nor2_1 (0) disconnected node: A
Cell sky130_fd_sc_hd__nor2_1 (0) disconnected node: B
Cell sky130_fd_sc_hd__nor2_1 (0) disconnected node: VGND
Cell sky130_fd_sc_hd__nor2_1 (0) disconnected node: VNB
Cell sky130_fd_sc_hd__nor2_1 (0) disconnected node: VPB
Cell sky130_fd_sc_hd__nor2_1 (0) disconnected node: VPWR
Cell sky130_fd_sc_hd__nor2_1 (0) disconnected node: Y
Warning: Equate pins:  cell sky130_fd_sc_hd__nor2_1 is a placeholder, treated as a black box.

Subcircuit pins:
Circuit 1: sky130_fd_sc_hd__nor2_1         |Circuit 2: sky130_fd_sc_hd__nor2_1         
-------------------------------------------|-------------------------------------------
A                                          |A                                          
B                                          |B                                          
VGND                                       |VGND                                       
VNB                                        |VNB                                        
VPB                                        |VPB                                        
VPWR                                       |VPWR                                       
Y                                          |Y                                          
---------------------------------------------------------------------------------------
Cell pin lists are equivalent.
Device classes sky130_fd_sc_hd__nor2_1 and sky130_fd_sc_hd__nor2_1 are equivalent.

Cell sky130_fd_sc_hd__xnor2_1 (0) disconnected node: A
Cell sky130_fd_sc_hd__xnor2_1 (0) disconnected node: B
Cell sky130_fd_sc_hd__xnor2_1 (0) disconnected node: VGND
Cell sky130_fd_sc_hd__xnor2_1 (0) disconnected node: VNB
Cell sky130_fd_sc_hd__xnor2_1 (0) disconnected node: VPB
Cell sky130_fd_sc_hd__xnor2_1 (0) disconnected node: VPWR
Cell sky130_fd_sc_hd__xnor2_1 (0) disconnected node: Y
Warning: Equate pins:  cell sky130_fd_sc_hd__xnor2_1 is a placeholder, treated as a black box.

Subcircuit pins:
Circuit 1: sky130_fd_sc_hd__xnor2_1        |Circuit 2: sky130_fd_sc_hd__xnor2_1        
-------------------------------------------|-------------------------------------------
A                                          |A                                          
B                                          |B                                          
VGND                                       |VGND                                       
VNB                                        |VNB                                        
VPB                                        |VPB                                        
VPWR                                       |VPWR                                       
Y                                          |Y                                          
---------------------------------------------------------------------------------------
Cell pin lists are equivalent.
Device classes sky130_fd_sc_hd__xnor2_1 and sky130_fd_sc_hd__xnor2_1 are equivalent.

Cell sky130_fd_sc_hd__buf_8 (0) disconnected node: A
Cell sky130_fd_sc_hd__buf_8 (0) disconnected node: VGND
Cell sky130_fd_sc_hd__buf_8 (0) disconnected node: VNB
Cell sky130_fd_sc_hd__buf_8 (0) disconnected node: VPB
Cell sky130_fd_sc_hd__buf_8 (0) disconnected node: VPWR
Cell sky130_fd_sc_hd__buf_8 (0) disconnected node: X
Warning: Equate pins:  cell sky130_fd_sc_hd__buf_8 is a placeholder, treated as a black box.

Subcircuit pins:
Circuit 1: sky130_fd_sc_hd__buf_8          |Circuit 2: sky130_fd_sc_hd__buf_8          
-------------------------------------------|-------------------------------------------
A                                          |A                                          
VGND                                       |VGND                                       
VNB                                        |VNB                                        
VPB                                        |VPB                                        
VPWR                                       |VPWR                                       
X                                          |X                                          
---------------------------------------------------------------------------------------
Cell pin lists are equivalent.
Device classes sky130_fd_sc_hd__buf_8 and sky130_fd_sc_hd__buf_8 are equivalent.

Cell sky130_fd_sc_hd__dfstp_1 (0) disconnected node: CLK
Cell sky130_fd_sc_hd__dfstp_1 (0) disconnected node: D
Cell sky130_fd_sc_hd__dfstp_1 (0) disconnected node: SET_B
Cell sky130_fd_sc_hd__dfstp_1 (0) disconnected node: VGND
Cell sky130_fd_sc_hd__dfstp_1 (0) disconnected node: VNB
Cell sky130_fd_sc_hd__dfstp_1 (0) disconnected node: VPB
Cell sky130_fd_sc_hd__dfstp_1 (0) disconnected node: VPWR
Cell sky130_fd_sc_hd__dfstp_1 (0) disconnected node: Q
Warning: Equate pins:  cell sky130_fd_sc_hd__dfstp_1 is a placeholder, treated as a black box.

Subcircuit pins:
Circuit 1: sky130_fd_sc_hd__dfstp_1        |Circuit 2: sky130_fd_sc_hd__dfstp_1        
-------------------------------------------|-------------------------------------------
CLK                                        |CLK                                        
D                                          |D                                          
SET_B                                      |SET_B                                      
VGND                                       |VGND                                       
VNB                                        |VNB                                        
VPB                                        |VPB                                        
VPWR                                       |VPWR                                       
Q                                          |Q                                          
---------------------------------------------------------------------------------------
Cell pin lists are equivalent.
Device classes sky130_fd_sc_hd__dfstp_1 and sky130_fd_sc_hd__dfstp_1 are equivalent.

Cell sky130_fd_sc_hd__nand2_1 (0) disconnected node: A
Cell sky130_fd_sc_hd__nand2_1 (0) disconnected node: B
Cell sky130_fd_sc_hd__nand2_1 (0) disconnected node: VGND
Cell sky130_fd_sc_hd__nand2_1 (0) disconnected node: VNB
Cell sky130_fd_sc_hd__nand2_1 (0) disconnected node: VPB
Cell sky130_fd_sc_hd__nand2_1 (0) disconnected node: VPWR
Cell sky130_fd_sc_hd__nand2_1 (0) disconnected node: Y
Warning: Equate pins:  cell sky130_fd_sc_hd__nand2_1 is a placeholder, treated as a black box.

Subcircuit pins:
Circuit 1: sky130_fd_sc_hd__nand2_1        |Circuit 2: sky130_fd_sc_hd__nand2_1        
-------------------------------------------|-------------------------------------------
A                                          |A                                          
B                                          |B                                          
VGND                                       |VGND                                       
VNB                                        |VNB                                        
VPB                                        |VPB                                        
VPWR                                       |VPWR                                       
Y                                          |Y                                          
---------------------------------------------------------------------------------------
Cell pin lists are equivalent.
Device classes sky130_fd_sc_hd__nand2_1 and sky130_fd_sc_hd__nand2_1 are equivalent.

Cell sky130_fd_sc_hd__clkbuf_16 (0) disconnected node: A
Cell sky130_fd_sc_hd__clkbuf_16 (0) disconnected node: VGND
Cell sky130_fd_sc_hd__clkbuf_16 (0) disconnected node: VNB
Cell sky130_fd_sc_hd__clkbuf_16 (0) disconnected node: VPB
Cell sky130_fd_sc_hd__clkbuf_16 (0) disconnected node: VPWR
Cell sky130_fd_sc_hd__clkbuf_16 (0) disconnected node: X
Warning: Equate pins:  cell sky130_fd_sc_hd__clkbuf_16 is a placeholder, treated as a black box.

Subcircuit pins:
Circuit 1: sky130_fd_sc_hd__clkbuf_16      |Circuit 2: sky130_fd_sc_hd__clkbuf_16      
-------------------------------------------|-------------------------------------------
A                                          |A                                          
VGND                                       |VGND                                       
VNB                                        |VNB                                        
VPB                                        |VPB                                        
VPWR                                       |VPWR                                       
X                                          |X                                          
---------------------------------------------------------------------------------------
Cell pin lists are equivalent.
Device classes sky130_fd_sc_hd__clkbuf_16 and sky130_fd_sc_hd__clkbuf_16 are equivalent.

Cell sky130_fd_sc_hd__a211oi_1 (0) disconnected node: A1
Cell sky130_fd_sc_hd__a211oi_1 (0) disconnected node: A2
Cell sky130_fd_sc_hd__a211oi_1 (0) disconnected node: B1
Cell sky130_fd_sc_hd__a211oi_1 (0) disconnected node: C1
Cell sky130_fd_sc_hd__a211oi_1 (0) disconnected node: VGND
Cell sky130_fd_sc_hd__a211oi_1 (0) disconnected node: VNB
Cell sky130_fd_sc_hd__a211oi_1 (0) disconnected node: VPB
Cell sky130_fd_sc_hd__a211oi_1 (0) disconnected node: VPWR
Cell sky130_fd_sc_hd__a211oi_1 (0) disconnected node: Y
Warning: Equate pins:  cell sky130_fd_sc_hd__a211oi_1 is a placeholder, treated as a black box.

Subcircuit pins:
Circuit 1: sky130_fd_sc_hd__a211oi_1       |Circuit 2: sky130_fd_sc_hd__a211oi_1       
-------------------------------------------|-------------------------------------------
A1                                         |A1                                         
A2                                         |A2                                         
B1                                         |B1                                         
C1                                         |C1                                         
VGND                                       |VGND                                       
VNB                                        |VNB                                        
VPB                                        |VPB                                        
VPWR                                       |VPWR                                       
Y                                          |Y                                          
---------------------------------------------------------------------------------------
Cell pin lists are equivalent.
Device classes sky130_fd_sc_hd__a211oi_1 and sky130_fd_sc_hd__a211oi_1 are equivalent.

Cell sky130_fd_sc_hd__and4b_1 (0) disconnected node: A_N
Cell sky130_fd_sc_hd__and4b_1 (0) disconnected node: B
Cell sky130_fd_sc_hd__and4b_1 (0) disconnected node: C
Cell sky130_fd_sc_hd__and4b_1 (0) disconnected node: D
Cell sky130_fd_sc_hd__and4b_1 (0) disconnected node: VGND
Cell sky130_fd_sc_hd__and4b_1 (0) disconnected node: VNB
Cell sky130_fd_sc_hd__and4b_1 (0) disconnected node: VPB
Cell sky130_fd_sc_hd__and4b_1 (0) disconnected node: VPWR
Cell sky130_fd_sc_hd__and4b_1 (0) disconnected node: X
Warning: Equate pins:  cell sky130_fd_sc_hd__and4b_1 is a placeholder, treated as a black box.

Subcircuit pins:
Circuit 1: sky130_fd_sc_hd__and4b_1        |Circuit 2: sky130_fd_sc_hd__and4b_1        
-------------------------------------------|-------------------------------------------
A_N                                        |A_N                                        
B                                          |B                                          
C                                          |C                                          
D                                          |D                                          
VGND                                       |VGND                                       
VNB                                        |VNB                                        
VPB                                        |VPB                                        
VPWR                                       |VPWR                                       
X                                          |X                                          
---------------------------------------------------------------------------------------
Cell pin lists are equivalent.
Device classes sky130_fd_sc_hd__and4b_1 and sky130_fd_sc_hd__and4b_1 are equivalent.

Cell sky130_fd_sc_hd__dlymetal6s2s_1 (0) disconnected node: A
Cell sky130_fd_sc_hd__dlymetal6s2s_1 (0) disconnected node: VGND
Cell sky130_fd_sc_hd__dlymetal6s2s_1 (0) disconnected node: VNB
Cell sky130_fd_sc_hd__dlymetal6s2s_1 (0) disconnected node: VPB
Cell sky130_fd_sc_hd__dlymetal6s2s_1 (0) disconnected node: VPWR
Cell sky130_fd_sc_hd__dlymetal6s2s_1 (0) disconnected node: X
Warning: Equate pins:  cell sky130_fd_sc_hd__dlymetal6s2s_1 is a placeholder, treated as a black box.

Subcircuit pins:
Circuit 1: sky130_fd_sc_hd__dlymetal6s2s_1 |Circuit 2: sky130_fd_sc_hd__dlymetal6s2s_1 
-------------------------------------------|-------------------------------------------
A                                          |A                                          
VGND                                       |VGND                                       
VNB                                        |VNB                                        
VPB                                        |VPB                                        
VPWR                                       |VPWR                                       
X                                          |X                                          
---------------------------------------------------------------------------------------
Cell pin lists are equivalent.
Device classes sky130_fd_sc_hd__dlymetal6s2s_1 and sky130_fd_sc_hd__dlymetal6s2s_1 are equivalent.

Cell sky130_fd_sc_hd__o2bb2a_1 (0) disconnected node: A1_N
Cell sky130_fd_sc_hd__o2bb2a_1 (0) disconnected node: A2_N
Cell sky130_fd_sc_hd__o2bb2a_1 (0) disconnected node: B1
Cell sky130_fd_sc_hd__o2bb2a_1 (0) disconnected node: B2
Cell sky130_fd_sc_hd__o2bb2a_1 (0) disconnected node: VGND
Cell sky130_fd_sc_hd__o2bb2a_1 (0) disconnected node: VNB
Cell sky130_fd_sc_hd__o2bb2a_1 (0) disconnected node: VPB
Cell sky130_fd_sc_hd__o2bb2a_1 (0) disconnected node: VPWR
Cell sky130_fd_sc_hd__o2bb2a_1 (0) disconnected node: X
Warning: Equate pins:  cell sky130_fd_sc_hd__o2bb2a_1 is a placeholder, treated as a black box.

Subcircuit pins:
Circuit 1: sky130_fd_sc_hd__o2bb2a_1       |Circuit 2: sky130_fd_sc_hd__o2bb2a_1       
-------------------------------------------|-------------------------------------------
A1_N                                       |A1_N                                       
A2_N                                       |A2_N                                       
B1                                         |B1                                         
B2                                         |B2                                         
VGND                                       |VGND                                       
VNB                                        |VNB                                        
VPB                                        |VPB                                        
VPWR                                       |VPWR                                       
X                                          |X                                          
---------------------------------------------------------------------------------------
Cell pin lists are equivalent.
Device classes sky130_fd_sc_hd__o2bb2a_1 and sky130_fd_sc_hd__o2bb2a_1 are equivalent.

Cell sky130_fd_sc_hd__clkbuf_4 (0) disconnected node: A
Cell sky130_fd_sc_hd__clkbuf_4 (0) disconnected node: VGND
Cell sky130_fd_sc_hd__clkbuf_4 (0) disconnected node: VNB
Cell sky130_fd_sc_hd__clkbuf_4 (0) disconnected node: VPB
Cell sky130_fd_sc_hd__clkbuf_4 (0) disconnected node: VPWR
Cell sky130_fd_sc_hd__clkbuf_4 (0) disconnected node: X
Warning: Equate pins:  cell sky130_fd_sc_hd__clkbuf_4 is a placeholder, treated as a black box.

Subcircuit pins:
Circuit 1: sky130_fd_sc_hd__clkbuf_4       |Circuit 2: sky130_fd_sc_hd__clkbuf_4       
-------------------------------------------|-------------------------------------------
A                                          |A                                          
VGND                                       |VGND                                       
VNB                                        |VNB                                        
VPB                                        |VPB                                        
VPWR                                       |VPWR                                       
X                                          |X                                          
---------------------------------------------------------------------------------------
Cell pin lists are equivalent.
Device classes sky130_fd_sc_hd__clkbuf_4 and sky130_fd_sc_hd__clkbuf_4 are equivalent.

Cell sky130_fd_sc_hd__buf_2 (0) disconnected node: A
Cell sky130_fd_sc_hd__buf_2 (0) disconnected node: VGND
Cell sky130_fd_sc_hd__buf_2 (0) disconnected node: VNB
Cell sky130_fd_sc_hd__buf_2 (0) disconnected node: VPB
Cell sky130_fd_sc_hd__buf_2 (0) disconnected node: VPWR
Cell sky130_fd_sc_hd__buf_2 (0) disconnected node: X
Warning: Equate pins:  cell sky130_fd_sc_hd__buf_2 is a placeholder, treated as a black box.

Subcircuit pins:
Circuit 1: sky130_fd_sc_hd__buf_2          |Circuit 2: sky130_fd_sc_hd__buf_2          
-------------------------------------------|-------------------------------------------
A                                          |A                                          
VGND                                       |VGND                                       
VNB                                        |VNB                                        
VPB                                        |VPB                                        
VPWR                                       |VPWR                                       
X                                          |X                                          
---------------------------------------------------------------------------------------
Cell pin lists are equivalent.
Device classes sky130_fd_sc_hd__buf_2 and sky130_fd_sc_hd__buf_2 are equivalent.

Cell sky130_fd_sc_hd__and3_1 (0) disconnected node: A
Cell sky130_fd_sc_hd__and3_1 (0) disconnected node: B
Cell sky130_fd_sc_hd__and3_1 (0) disconnected node: C
Cell sky130_fd_sc_hd__and3_1 (0) disconnected node: VGND
Cell sky130_fd_sc_hd__and3_1 (0) disconnected node: VNB
Cell sky130_fd_sc_hd__and3_1 (0) disconnected node: VPB
Cell sky130_fd_sc_hd__and3_1 (0) disconnected node: VPWR
Cell sky130_fd_sc_hd__and3_1 (0) disconnected node: X
Warning: Equate pins:  cell sky130_fd_sc_hd__and3_1 is a placeholder, treated as a black box.

Subcircuit pins:
Circuit 1: sky130_fd_sc_hd__and3_1         |Circuit 2: sky130_fd_sc_hd__and3_1         
-------------------------------------------|-------------------------------------------
A                                          |A                                          
B                                          |B                                          
C                                          |C                                          
VGND                                       |VGND                                       
VNB                                        |VNB                                        
VPB                                        |VPB                                        
VPWR                                       |VPWR                                       
X                                          |X                                          
---------------------------------------------------------------------------------------
Cell pin lists are equivalent.
Device classes sky130_fd_sc_hd__and3_1 and sky130_fd_sc_hd__and3_1 are equivalent.

Cell sky130_fd_sc_hd__o211a_1 (0) disconnected node: A1
Cell sky130_fd_sc_hd__o211a_1 (0) disconnected node: A2
Cell sky130_fd_sc_hd__o211a_1 (0) disconnected node: B1
Cell sky130_fd_sc_hd__o211a_1 (0) disconnected node: C1
Cell sky130_fd_sc_hd__o211a_1 (0) disconnected node: VGND
Cell sky130_fd_sc_hd__o211a_1 (0) disconnected node: VNB
Cell sky130_fd_sc_hd__o211a_1 (0) disconnected node: VPB
Cell sky130_fd_sc_hd__o211a_1 (0) disconnected node: VPWR
Cell sky130_fd_sc_hd__o211a_1 (0) disconnected node: X
Warning: Equate pins:  cell sky130_fd_sc_hd__o211a_1 is a placeholder, treated as a black box.

Subcircuit pins:
Circuit 1: sky130_fd_sc_hd__o211a_1        |Circuit 2: sky130_fd_sc_hd__o211a_1        
-------------------------------------------|-------------------------------------------
A1                                         |A1                                         
A2                                         |A2                                         
B1                                         |B1                                         
C1                                         |C1                                         
VGND                                       |VGND                                       
VNB                                        |VNB                                        
VPB                                        |VPB                                        
VPWR                                       |VPWR                                       
X                                          |X                                          
---------------------------------------------------------------------------------------
Cell pin lists are equivalent.
Device classes sky130_fd_sc_hd__o211a_1 and sky130_fd_sc_hd__o211a_1 are equivalent.

Cell sky130_fd_sc_hd__a221o_1 (0) disconnected node: A1
Cell sky130_fd_sc_hd__a221o_1 (0) disconnected node: A2
Cell sky130_fd_sc_hd__a221o_1 (0) disconnected node: B1
Cell sky130_fd_sc_hd__a221o_1 (0) disconnected node: B2
Cell sky130_fd_sc_hd__a221o_1 (0) disconnected node: C1
Cell sky130_fd_sc_hd__a221o_1 (0) disconnected node: VGND
Cell sky130_fd_sc_hd__a221o_1 (0) disconnected node: VNB
Cell sky130_fd_sc_hd__a221o_1 (0) disconnected node: VPB
Cell sky130_fd_sc_hd__a221o_1 (0) disconnected node: VPWR
Cell sky130_fd_sc_hd__a221o_1 (0) disconnected node: X
Warning: Equate pins:  cell sky130_fd_sc_hd__a221o_1 is a placeholder, treated as a black box.

Subcircuit pins:
Circuit 1: sky130_fd_sc_hd__a221o_1        |Circuit 2: sky130_fd_sc_hd__a221o_1        
-------------------------------------------|-------------------------------------------
A1                                         |A1                                         
A2                                         |A2                                         
B1                                         |B1                                         
B2                                         |B2                                         
C1                                         |C1                                         
VGND                                       |VGND                                       
VNB                                        |VNB                                        
VPB                                        |VPB                                        
VPWR                                       |VPWR                                       
X                                          |X                                          
---------------------------------------------------------------------------------------
Cell pin lists are equivalent.
Device classes sky130_fd_sc_hd__a221o_1 and sky130_fd_sc_hd__a221o_1 are equivalent.

Cell sky130_fd_sc_hd__buf_1 (0) disconnected node: A
Cell sky130_fd_sc_hd__buf_1 (0) disconnected node: VGND
Cell sky130_fd_sc_hd__buf_1 (0) disconnected node: VNB
Cell sky130_fd_sc_hd__buf_1 (0) disconnected node: VPB
Cell sky130_fd_sc_hd__buf_1 (0) disconnected node: VPWR
Cell sky130_fd_sc_hd__buf_1 (0) disconnected node: X
Warning: Equate pins:  cell sky130_fd_sc_hd__buf_1 is a placeholder, treated as a black box.

Subcircuit pins:
Circuit 1: sky130_fd_sc_hd__buf_1          |Circuit 2: sky130_fd_sc_hd__buf_1          
-------------------------------------------|-------------------------------------------
A                                          |A                                          
VGND                                       |VGND                                       
VNB                                        |VNB                                        
VPB                                        |VPB                                        
VPWR                                       |VPWR                                       
X                                          |X                                          
---------------------------------------------------------------------------------------
Cell pin lists are equivalent.
Device classes sky130_fd_sc_hd__buf_1 and sky130_fd_sc_hd__buf_1 are equivalent.

Cell sky130_fd_sc_hd__and2b_1 (0) disconnected node: A_N
Cell sky130_fd_sc_hd__and2b_1 (0) disconnected node: B
Cell sky130_fd_sc_hd__and2b_1 (0) disconnected node: VGND
Cell sky130_fd_sc_hd__and2b_1 (0) disconnected node: VNB
Cell sky130_fd_sc_hd__and2b_1 (0) disconnected node: VPB
Cell sky130_fd_sc_hd__and2b_1 (0) disconnected node: VPWR
Cell sky130_fd_sc_hd__and2b_1 (0) disconnected node: X
Warning: Equate pins:  cell sky130_fd_sc_hd__and2b_1 is a placeholder, treated as a black box.

Subcircuit pins:
Circuit 1: sky130_fd_sc_hd__and2b_1        |Circuit 2: sky130_fd_sc_hd__and2b_1        
-------------------------------------------|-------------------------------------------
A_N                                        |A_N                                        
B                                          |B                                          
VGND                                       |VGND                                       
VNB                                        |VNB                                        
VPB                                        |VPB                                        
VPWR                                       |VPWR                                       
X                                          |X                                          
---------------------------------------------------------------------------------------
Cell pin lists are equivalent.
Device classes sky130_fd_sc_hd__and2b_1 and sky130_fd_sc_hd__and2b_1 are equivalent.

Cell sky130_fd_sc_hd__a21oi_1 (0) disconnected node: A1
Cell sky130_fd_sc_hd__a21oi_1 (0) disconnected node: A2
Cell sky130_fd_sc_hd__a21oi_1 (0) disconnected node: B1
Cell sky130_fd_sc_hd__a21oi_1 (0) disconnected node: VGND
Cell sky130_fd_sc_hd__a21oi_1 (0) disconnected node: VNB
Cell sky130_fd_sc_hd__a21oi_1 (0) disconnected node: VPB
Cell sky130_fd_sc_hd__a21oi_1 (0) disconnected node: VPWR
Cell sky130_fd_sc_hd__a21oi_1 (0) disconnected node: Y
Warning: Equate pins:  cell sky130_fd_sc_hd__a21oi_1 is a placeholder, treated as a black box.

Subcircuit pins:
Circuit 1: sky130_fd_sc_hd__a21oi_1        |Circuit 2: sky130_fd_sc_hd__a21oi_1        
-------------------------------------------|-------------------------------------------
A1                                         |A1                                         
A2                                         |A2                                         
B1                                         |B1                                         
VGND                                       |VGND                                       
VNB                                        |VNB                                        
VPB                                        |VPB                                        
VPWR                                       |VPWR                                       
Y                                          |Y                                          
---------------------------------------------------------------------------------------
Cell pin lists are equivalent.
Device classes sky130_fd_sc_hd__a21oi_1 and sky130_fd_sc_hd__a21oi_1 are equivalent.

Cell sky130_fd_sc_hd__and3b_1 (0) disconnected node: A_N
Cell sky130_fd_sc_hd__and3b_1 (0) disconnected node: B
Cell sky130_fd_sc_hd__and3b_1 (0) disconnected node: C
Cell sky130_fd_sc_hd__and3b_1 (0) disconnected node: VGND
Cell sky130_fd_sc_hd__and3b_1 (0) disconnected node: VNB
Cell sky130_fd_sc_hd__and3b_1 (0) disconnected node: VPB
Cell sky130_fd_sc_hd__and3b_1 (0) disconnected node: VPWR
Cell sky130_fd_sc_hd__and3b_1 (0) disconnected node: X
Warning: Equate pins:  cell sky130_fd_sc_hd__and3b_1 is a placeholder, treated as a black box.

Subcircuit pins:
Circuit 1: sky130_fd_sc_hd__and3b_1        |Circuit 2: sky130_fd_sc_hd__and3b_1        
-------------------------------------------|-------------------------------------------
A_N                                        |A_N                                        
B                                          |B                                          
C                                          |C                                          
VGND                                       |VGND                                       
VNB                                        |VNB                                        
VPB                                        |VPB                                        
VPWR                                       |VPWR                                       
X                                          |X                                          
---------------------------------------------------------------------------------------
Cell pin lists are equivalent.
Device classes sky130_fd_sc_hd__and3b_1 and sky130_fd_sc_hd__and3b_1 are equivalent.

Cell sky130_fd_sc_hd__a31o_1 (0) disconnected node: A1
Cell sky130_fd_sc_hd__a31o_1 (0) disconnected node: A2
Cell sky130_fd_sc_hd__a31o_1 (0) disconnected node: A3
Cell sky130_fd_sc_hd__a31o_1 (0) disconnected node: B1
Cell sky130_fd_sc_hd__a31o_1 (0) disconnected node: VGND
Cell sky130_fd_sc_hd__a31o_1 (0) disconnected node: VNB
Cell sky130_fd_sc_hd__a31o_1 (0) disconnected node: VPB
Cell sky130_fd_sc_hd__a31o_1 (0) disconnected node: VPWR
Cell sky130_fd_sc_hd__a31o_1 (0) disconnected node: X
Warning: Equate pins:  cell sky130_fd_sc_hd__a31o_1 is a placeholder, treated as a black box.

Subcircuit pins:
Circuit 1: sky130_fd_sc_hd__a31o_1         |Circuit 2: sky130_fd_sc_hd__a31o_1         
-------------------------------------------|-------------------------------------------
A1                                         |A1                                         
A2                                         |A2                                         
A3                                         |A3                                         
B1                                         |B1                                         
VGND                                       |VGND                                       
VNB                                        |VNB                                        
VPB                                        |VPB                                        
VPWR                                       |VPWR                                       
X                                          |X                                          
---------------------------------------------------------------------------------------
Cell pin lists are equivalent.
Device classes sky130_fd_sc_hd__a31o_1 and sky130_fd_sc_hd__a31o_1 are equivalent.

Cell sky130_fd_sc_hd__a2111o_1 (0) disconnected node: A1
Cell sky130_fd_sc_hd__a2111o_1 (0) disconnected node: A2
Cell sky130_fd_sc_hd__a2111o_1 (0) disconnected node: B1
Cell sky130_fd_sc_hd__a2111o_1 (0) disconnected node: C1
Cell sky130_fd_sc_hd__a2111o_1 (0) disconnected node: D1
Cell sky130_fd_sc_hd__a2111o_1 (0) disconnected node: VGND
Cell sky130_fd_sc_hd__a2111o_1 (0) disconnected node: VNB
Cell sky130_fd_sc_hd__a2111o_1 (0) disconnected node: VPB
Cell sky130_fd_sc_hd__a2111o_1 (0) disconnected node: VPWR
Cell sky130_fd_sc_hd__a2111o_1 (0) disconnected node: X
Warning: Equate pins:  cell sky130_fd_sc_hd__a2111o_1 is a placeholder, treated as a black box.

Subcircuit pins:
Circuit 1: sky130_fd_sc_hd__a2111o_1       |Circuit 2: sky130_fd_sc_hd__a2111o_1       
-------------------------------------------|-------------------------------------------
A1                                         |A1                                         
A2                                         |A2                                         
B1                                         |B1                                         
C1                                         |C1                                         
D1                                         |D1                                         
VGND                                       |VGND                                       
VNB                                        |VNB                                        
VPB                                        |VPB                                        
VPWR                                       |VPWR                                       
X                                          |X                                          
---------------------------------------------------------------------------------------
Cell pin lists are equivalent.
Device classes sky130_fd_sc_hd__a2111o_1 and sky130_fd_sc_hd__a2111o_1 are equivalent.

Cell sky130_fd_sc_hd__o2111a_1 (0) disconnected node: A1
Cell sky130_fd_sc_hd__o2111a_1 (0) disconnected node: A2
Cell sky130_fd_sc_hd__o2111a_1 (0) disconnected node: B1
Cell sky130_fd_sc_hd__o2111a_1 (0) disconnected node: C1
Cell sky130_fd_sc_hd__o2111a_1 (0) disconnected node: D1
Cell sky130_fd_sc_hd__o2111a_1 (0) disconnected node: VGND
Cell sky130_fd_sc_hd__o2111a_1 (0) disconnected node: VNB
Cell sky130_fd_sc_hd__o2111a_1 (0) disconnected node: VPB
Cell sky130_fd_sc_hd__o2111a_1 (0) disconnected node: VPWR
Cell sky130_fd_sc_hd__o2111a_1 (0) disconnected node: X
Warning: Equate pins:  cell sky130_fd_sc_hd__o2111a_1 is a placeholder, treated as a black box.

Subcircuit pins:
Circuit 1: sky130_fd_sc_hd__o2111a_1       |Circuit 2: sky130_fd_sc_hd__o2111a_1       
-------------------------------------------|-------------------------------------------
A1                                         |A1                                         
A2                                         |A2                                         
B1                                         |B1                                         
C1                                         |C1                                         
D1                                         |D1                                         
VGND                                       |VGND                                       
VNB                                        |VNB                                        
VPB                                        |VPB                                        
VPWR                                       |VPWR                                       
X                                          |X                                          
---------------------------------------------------------------------------------------
Cell pin lists are equivalent.
Device classes sky130_fd_sc_hd__o2111a_1 and sky130_fd_sc_hd__o2111a_1 are equivalent.

Cell sky130_fd_sc_hd__o211ai_1 (0) disconnected node: A1
Cell sky130_fd_sc_hd__o211ai_1 (0) disconnected node: A2
Cell sky130_fd_sc_hd__o211ai_1 (0) disconnected node: B1
Cell sky130_fd_sc_hd__o211ai_1 (0) disconnected node: C1
Cell sky130_fd_sc_hd__o211ai_1 (0) disconnected node: VGND
Cell sky130_fd_sc_hd__o211ai_1 (0) disconnected node: VNB
Cell sky130_fd_sc_hd__o211ai_1 (0) disconnected node: VPB
Cell sky130_fd_sc_hd__o211ai_1 (0) disconnected node: VPWR
Cell sky130_fd_sc_hd__o211ai_1 (0) disconnected node: Y
Warning: Equate pins:  cell sky130_fd_sc_hd__o211ai_1 is a placeholder, treated as a black box.

Subcircuit pins:
Circuit 1: sky130_fd_sc_hd__o211ai_1       |Circuit 2: sky130_fd_sc_hd__o211ai_1       
-------------------------------------------|-------------------------------------------
A1                                         |A1                                         
A2                                         |A2                                         
B1                                         |B1                                         
C1                                         |C1                                         
VGND                                       |VGND                                       
VNB                                        |VNB                                        
VPB                                        |VPB                                        
VPWR                                       |VPWR                                       
Y                                          |Y                                          
---------------------------------------------------------------------------------------
Cell pin lists are equivalent.
Device classes sky130_fd_sc_hd__o211ai_1 and sky130_fd_sc_hd__o211ai_1 are equivalent.

Cell sky130_fd_sc_hd__and4_1 (0) disconnected node: A
Cell sky130_fd_sc_hd__and4_1 (0) disconnected node: B
Cell sky130_fd_sc_hd__and4_1 (0) disconnected node: C
Cell sky130_fd_sc_hd__and4_1 (0) disconnected node: D
Cell sky130_fd_sc_hd__and4_1 (0) disconnected node: VGND
Cell sky130_fd_sc_hd__and4_1 (0) disconnected node: VNB
Cell sky130_fd_sc_hd__and4_1 (0) disconnected node: VPB
Cell sky130_fd_sc_hd__and4_1 (0) disconnected node: VPWR
Cell sky130_fd_sc_hd__and4_1 (0) disconnected node: X
Warning: Equate pins:  cell sky130_fd_sc_hd__and4_1 is a placeholder, treated as a black box.

Subcircuit pins:
Circuit 1: sky130_fd_sc_hd__and4_1         |Circuit 2: sky130_fd_sc_hd__and4_1         
-------------------------------------------|-------------------------------------------
A                                          |A                                          
B                                          |B                                          
C                                          |C                                          
D                                          |D                                          
VGND                                       |VGND                                       
VNB                                        |VNB                                        
VPB                                        |VPB                                        
VPWR                                       |VPWR                                       
X                                          |X                                          
---------------------------------------------------------------------------------------
Cell pin lists are equivalent.
Device classes sky130_fd_sc_hd__and4_1 and sky130_fd_sc_hd__and4_1 are equivalent.

Cell sky130_fd_sc_hd__o221a_1 (0) disconnected node: A1
Cell sky130_fd_sc_hd__o221a_1 (0) disconnected node: A2
Cell sky130_fd_sc_hd__o221a_1 (0) disconnected node: B1
Cell sky130_fd_sc_hd__o221a_1 (0) disconnected node: B2
Cell sky130_fd_sc_hd__o221a_1 (0) disconnected node: C1
Cell sky130_fd_sc_hd__o221a_1 (0) disconnected node: VGND
Cell sky130_fd_sc_hd__o221a_1 (0) disconnected node: VNB
Cell sky130_fd_sc_hd__o221a_1 (0) disconnected node: VPB
Cell sky130_fd_sc_hd__o221a_1 (0) disconnected node: VPWR
Cell sky130_fd_sc_hd__o221a_1 (0) disconnected node: X
Warning: Equate pins:  cell sky130_fd_sc_hd__o221a_1 is a placeholder, treated as a black box.

Subcircuit pins:
Circuit 1: sky130_fd_sc_hd__o221a_1        |Circuit 2: sky130_fd_sc_hd__o221a_1        
-------------------------------------------|-------------------------------------------
A1                                         |A1                                         
A2                                         |A2                                         
B1                                         |B1                                         
B2                                         |B2                                         
C1                                         |C1                                         
VGND                                       |VGND                                       
VNB                                        |VNB                                        
VPB                                        |VPB                                        
VPWR                                       |VPWR                                       
X                                          |X                                          
---------------------------------------------------------------------------------------
Cell pin lists are equivalent.
Device classes sky130_fd_sc_hd__o221a_1 and sky130_fd_sc_hd__o221a_1 are equivalent.

Cell sky130_fd_sc_hd__clkinvlp_4 (0) disconnected node: A
Cell sky130_fd_sc_hd__clkinvlp_4 (0) disconnected node: VGND
Cell sky130_fd_sc_hd__clkinvlp_4 (0) disconnected node: VNB
Cell sky130_fd_sc_hd__clkinvlp_4 (0) disconnected node: VPB
Cell sky130_fd_sc_hd__clkinvlp_4 (0) disconnected node: VPWR
Cell sky130_fd_sc_hd__clkinvlp_4 (0) disconnected node: Y
Warning: Equate pins:  cell sky130_fd_sc_hd__clkinvlp_4 is a placeholder, treated as a black box.

Subcircuit pins:
Circuit 1: sky130_fd_sc_hd__clkinvlp_4     |Circuit 2: sky130_fd_sc_hd__clkinvlp_4     
-------------------------------------------|-------------------------------------------
A                                          |A                                          
VGND                                       |VGND                                       
VNB                                        |VNB                                        
VPB                                        |VPB                                        
VPWR                                       |VPWR                                       
Y                                          |(no matching pin)                          
---------------------------------------------------------------------------------------
Cell pin lists are equivalent.
Device classes sky130_fd_sc_hd__clkinvlp_4 and sky130_fd_sc_hd__clkinvlp_4 are equivalent.

Cell sky130_fd_sc_hd__a221oi_1 (0) disconnected node: A1
Cell sky130_fd_sc_hd__a221oi_1 (0) disconnected node: A2
Cell sky130_fd_sc_hd__a221oi_1 (0) disconnected node: B1
Cell sky130_fd_sc_hd__a221oi_1 (0) disconnected node: B2
Cell sky130_fd_sc_hd__a221oi_1 (0) disconnected node: C1
Cell sky130_fd_sc_hd__a221oi_1 (0) disconnected node: VGND
Cell sky130_fd_sc_hd__a221oi_1 (0) disconnected node: VNB
Cell sky130_fd_sc_hd__a221oi_1 (0) disconnected node: VPB
Cell sky130_fd_sc_hd__a221oi_1 (0) disconnected node: VPWR
Cell sky130_fd_sc_hd__a221oi_1 (0) disconnected node: Y
Warning: Equate pins:  cell sky130_fd_sc_hd__a221oi_1 is a placeholder, treated as a black box.

Subcircuit pins:
Circuit 1: sky130_fd_sc_hd__a221oi_1       |Circuit 2: sky130_fd_sc_hd__a221oi_1       
-------------------------------------------|-------------------------------------------
A1                                         |A1                                         
A2                                         |A2                                         
B1                                         |B1                                         
B2                                         |B2                                         
C1                                         |C1                                         
VGND                                       |VGND                                       
VNB                                        |VNB                                        
VPB                                        |VPB                                        
VPWR                                       |VPWR                                       
Y                                          |Y                                          
---------------------------------------------------------------------------------------
Cell pin lists are equivalent.
Device classes sky130_fd_sc_hd__a221oi_1 and sky130_fd_sc_hd__a221oi_1 are equivalent.

Cell sky130_fd_sc_hd__a211o_1 (0) disconnected node: A1
Cell sky130_fd_sc_hd__a211o_1 (0) disconnected node: A2
Cell sky130_fd_sc_hd__a211o_1 (0) disconnected node: B1
Cell sky130_fd_sc_hd__a211o_1 (0) disconnected node: C1
Cell sky130_fd_sc_hd__a211o_1 (0) disconnected node: VGND
Cell sky130_fd_sc_hd__a211o_1 (0) disconnected node: VNB
Cell sky130_fd_sc_hd__a211o_1 (0) disconnected node: VPB
Cell sky130_fd_sc_hd__a211o_1 (0) disconnected node: VPWR
Cell sky130_fd_sc_hd__a211o_1 (0) disconnected node: X
Warning: Equate pins:  cell sky130_fd_sc_hd__a211o_1 is a placeholder, treated as a black box.

Subcircuit pins:
Circuit 1: sky130_fd_sc_hd__a211o_1        |Circuit 2: sky130_fd_sc_hd__a211o_1        
-------------------------------------------|-------------------------------------------
A1                                         |A1                                         
A2                                         |A2                                         
B1                                         |B1                                         
C1                                         |C1                                         
VGND                                       |VGND                                       
VNB                                        |VNB                                        
VPB                                        |VPB                                        
VPWR                                       |VPWR                                       
X                                          |X                                          
---------------------------------------------------------------------------------------
Cell pin lists are equivalent.
Device classes sky130_fd_sc_hd__a211o_1 and sky130_fd_sc_hd__a211o_1 are equivalent.

Cell sky130_fd_sc_hd__or3b_1 (0) disconnected node: A
Cell sky130_fd_sc_hd__or3b_1 (0) disconnected node: B
Cell sky130_fd_sc_hd__or3b_1 (0) disconnected node: C_N
Cell sky130_fd_sc_hd__or3b_1 (0) disconnected node: VGND
Cell sky130_fd_sc_hd__or3b_1 (0) disconnected node: VNB
Cell sky130_fd_sc_hd__or3b_1 (0) disconnected node: VPB
Cell sky130_fd_sc_hd__or3b_1 (0) disconnected node: VPWR
Cell sky130_fd_sc_hd__or3b_1 (0) disconnected node: X
Warning: Equate pins:  cell sky130_fd_sc_hd__or3b_1 is a placeholder, treated as a black box.

Subcircuit pins:
Circuit 1: sky130_fd_sc_hd__or3b_1         |Circuit 2: sky130_fd_sc_hd__or3b_1         
-------------------------------------------|-------------------------------------------
A                                          |A                                          
B                                          |B                                          
C_N                                        |C_N                                        
VGND                                       |VGND                                       
VNB                                        |VNB                                        
VPB                                        |VPB                                        
VPWR                                       |VPWR                                       
X                                          |X                                          
---------------------------------------------------------------------------------------
Cell pin lists are equivalent.
Device classes sky130_fd_sc_hd__or3b_1 and sky130_fd_sc_hd__or3b_1 are equivalent.

Cell sky130_fd_sc_hd__buf_12 (0) disconnected node: A
Cell sky130_fd_sc_hd__buf_12 (0) disconnected node: VGND
Cell sky130_fd_sc_hd__buf_12 (0) disconnected node: VNB
Cell sky130_fd_sc_hd__buf_12 (0) disconnected node: VPB
Cell sky130_fd_sc_hd__buf_12 (0) disconnected node: VPWR
Cell sky130_fd_sc_hd__buf_12 (0) disconnected node: X
Warning: Equate pins:  cell sky130_fd_sc_hd__buf_12 is a placeholder, treated as a black box.

Subcircuit pins:
Circuit 1: sky130_fd_sc_hd__buf_12         |Circuit 2: sky130_fd_sc_hd__buf_12         
-------------------------------------------|-------------------------------------------
A                                          |A                                          
VGND                                       |VGND                                       
VNB                                        |VNB                                        
VPB                                        |VPB                                        
VPWR                                       |VPWR                                       
X                                          |X                                          
---------------------------------------------------------------------------------------
Cell pin lists are equivalent.
Device classes sky130_fd_sc_hd__buf_12 and sky130_fd_sc_hd__buf_12 are equivalent.

Cell sky130_fd_sc_hd__clkinv_4 (0) disconnected node: A
Cell sky130_fd_sc_hd__clkinv_4 (0) disconnected node: VGND
Cell sky130_fd_sc_hd__clkinv_4 (0) disconnected node: VNB
Cell sky130_fd_sc_hd__clkinv_4 (0) disconnected node: VPB
Cell sky130_fd_sc_hd__clkinv_4 (0) disconnected node: VPWR
Cell sky130_fd_sc_hd__clkinv_4 (0) disconnected node: Y
Warning: Equate pins:  cell sky130_fd_sc_hd__clkinv_4 is a placeholder, treated as a black box.

Subcircuit pins:
Circuit 1: sky130_fd_sc_hd__clkinv_4       |Circuit 2: sky130_fd_sc_hd__clkinv_4       
-------------------------------------------|-------------------------------------------
A                                          |A                                          
VGND                                       |VGND                                       
VNB                                        |VNB                                        
VPB                                        |VPB                                        
VPWR                                       |VPWR                                       
Y                                          |(no matching pin)                          
---------------------------------------------------------------------------------------
Cell pin lists are equivalent.
Device classes sky130_fd_sc_hd__clkinv_4 and sky130_fd_sc_hd__clkinv_4 are equivalent.

Cell sky130_fd_sc_hd__inv_6 (0) disconnected node: A
Cell sky130_fd_sc_hd__inv_6 (0) disconnected node: VGND
Cell sky130_fd_sc_hd__inv_6 (0) disconnected node: VNB
Cell sky130_fd_sc_hd__inv_6 (0) disconnected node: VPB
Cell sky130_fd_sc_hd__inv_6 (0) disconnected node: VPWR
Cell sky130_fd_sc_hd__inv_6 (0) disconnected node: Y
Warning: Equate pins:  cell sky130_fd_sc_hd__inv_6 is a placeholder, treated as a black box.

Subcircuit pins:
Circuit 1: sky130_fd_sc_hd__inv_6          |Circuit 2: sky130_fd_sc_hd__inv_6          
-------------------------------------------|-------------------------------------------
A                                          |A                                          
VGND                                       |VGND                                       
VNB                                        |VNB                                        
VPB                                        |VPB                                        
VPWR                                       |VPWR                                       
Y                                          |(no matching pin)                          
---------------------------------------------------------------------------------------
Cell pin lists are equivalent.
Device classes sky130_fd_sc_hd__inv_6 and sky130_fd_sc_hd__inv_6 are equivalent.

Cell sky130_fd_sc_hd__nor3_1 (0) disconnected node: A
Cell sky130_fd_sc_hd__nor3_1 (0) disconnected node: B
Cell sky130_fd_sc_hd__nor3_1 (0) disconnected node: C
Cell sky130_fd_sc_hd__nor3_1 (0) disconnected node: VGND
Cell sky130_fd_sc_hd__nor3_1 (0) disconnected node: VNB
Cell sky130_fd_sc_hd__nor3_1 (0) disconnected node: VPB
Cell sky130_fd_sc_hd__nor3_1 (0) disconnected node: VPWR
Cell sky130_fd_sc_hd__nor3_1 (0) disconnected node: Y
Warning: Equate pins:  cell sky130_fd_sc_hd__nor3_1 is a placeholder, treated as a black box.

Subcircuit pins:
Circuit 1: sky130_fd_sc_hd__nor3_1         |Circuit 2: sky130_fd_sc_hd__nor3_1         
-------------------------------------------|-------------------------------------------
A                                          |A                                          
B                                          |B                                          
C                                          |C                                          
VGND                                       |VGND                                       
VNB                                        |VNB                                        
VPB                                        |VPB                                        
VPWR                                       |VPWR                                       
Y                                          |Y                                          
---------------------------------------------------------------------------------------
Cell pin lists are equivalent.
Device classes sky130_fd_sc_hd__nor3_1 and sky130_fd_sc_hd__nor3_1 are equivalent.

Cell sky130_fd_sc_hd__o21a_1 (0) disconnected node: A1
Cell sky130_fd_sc_hd__o21a_1 (0) disconnected node: A2
Cell sky130_fd_sc_hd__o21a_1 (0) disconnected node: B1
Cell sky130_fd_sc_hd__o21a_1 (0) disconnected node: VGND
Cell sky130_fd_sc_hd__o21a_1 (0) disconnected node: VNB
Cell sky130_fd_sc_hd__o21a_1 (0) disconnected node: VPB
Cell sky130_fd_sc_hd__o21a_1 (0) disconnected node: VPWR
Cell sky130_fd_sc_hd__o21a_1 (0) disconnected node: X
Warning: Equate pins:  cell sky130_fd_sc_hd__o21a_1 is a placeholder, treated as a black box.

Subcircuit pins:
Circuit 1: sky130_fd_sc_hd__o21a_1         |Circuit 2: sky130_fd_sc_hd__o21a_1         
-------------------------------------------|-------------------------------------------
A1                                         |A1                                         
A2                                         |A2                                         
B1                                         |B1                                         
VGND                                       |VGND                                       
VNB                                        |VNB                                        
VPB                                        |VPB                                        
VPWR                                       |VPWR                                       
X                                          |X                                          
---------------------------------------------------------------------------------------
Cell pin lists are equivalent.
Device classes sky130_fd_sc_hd__o21a_1 and sky130_fd_sc_hd__o21a_1 are equivalent.

Cell sky130_fd_sc_hd__bufinv_16 (0) disconnected node: A
Cell sky130_fd_sc_hd__bufinv_16 (0) disconnected node: VGND
Cell sky130_fd_sc_hd__bufinv_16 (0) disconnected node: VNB
Cell sky130_fd_sc_hd__bufinv_16 (0) disconnected node: VPB
Cell sky130_fd_sc_hd__bufinv_16 (0) disconnected node: VPWR
Cell sky130_fd_sc_hd__bufinv_16 (0) disconnected node: Y
Warning: Equate pins:  cell sky130_fd_sc_hd__bufinv_16 is a placeholder, treated as a black box.

Subcircuit pins:
Circuit 1: sky130_fd_sc_hd__bufinv_16      |Circuit 2: sky130_fd_sc_hd__bufinv_16      
-------------------------------------------|-------------------------------------------
A                                          |A                                          
VGND                                       |VGND                                       
VNB                                        |VNB                                        
VPB                                        |VPB                                        
VPWR                                       |VPWR                                       
Y                                          |(no matching pin)                          
---------------------------------------------------------------------------------------
Cell pin lists are equivalent.
Device classes sky130_fd_sc_hd__bufinv_16 and sky130_fd_sc_hd__bufinv_16 are equivalent.

Cell sky130_fd_sc_hd__o31a_1 (0) disconnected node: A1
Cell sky130_fd_sc_hd__o31a_1 (0) disconnected node: A2
Cell sky130_fd_sc_hd__o31a_1 (0) disconnected node: A3
Cell sky130_fd_sc_hd__o31a_1 (0) disconnected node: B1
Cell sky130_fd_sc_hd__o31a_1 (0) disconnected node: VGND
Cell sky130_fd_sc_hd__o31a_1 (0) disconnected node: VNB
Cell sky130_fd_sc_hd__o31a_1 (0) disconnected node: VPB
Cell sky130_fd_sc_hd__o31a_1 (0) disconnected node: VPWR
Cell sky130_fd_sc_hd__o31a_1 (0) disconnected node: X
Warning: Equate pins:  cell sky130_fd_sc_hd__o31a_1 is a placeholder, treated as a black box.

Subcircuit pins:
Circuit 1: sky130_fd_sc_hd__o31a_1         |Circuit 2: sky130_fd_sc_hd__o31a_1         
-------------------------------------------|-------------------------------------------
A1                                         |A1                                         
A2                                         |A2                                         
A3                                         |A3                                         
B1                                         |B1                                         
VGND                                       |VGND                                       
VNB                                        |VNB                                        
VPB                                        |VPB                                        
VPWR                                       |VPWR                                       
X                                          |X                                          
---------------------------------------------------------------------------------------
Cell pin lists are equivalent.
Device classes sky130_fd_sc_hd__o31a_1 and sky130_fd_sc_hd__o31a_1 are equivalent.

Cell sky130_fd_sc_hd__buf_4 (0) disconnected node: A
Cell sky130_fd_sc_hd__buf_4 (0) disconnected node: VGND
Cell sky130_fd_sc_hd__buf_4 (0) disconnected node: VNB
Cell sky130_fd_sc_hd__buf_4 (0) disconnected node: VPB
Cell sky130_fd_sc_hd__buf_4 (0) disconnected node: VPWR
Cell sky130_fd_sc_hd__buf_4 (0) disconnected node: X
Warning: Equate pins:  cell sky130_fd_sc_hd__buf_4 is a placeholder, treated as a black box.

Subcircuit pins:
Circuit 1: sky130_fd_sc_hd__buf_4          |Circuit 2: sky130_fd_sc_hd__buf_4          
-------------------------------------------|-------------------------------------------
A                                          |A                                          
VGND                                       |VGND                                       
VNB                                        |VNB                                        
VPB                                        |VPB                                        
VPWR                                       |VPWR                                       
X                                          |X                                          
---------------------------------------------------------------------------------------
Cell pin lists are equivalent.
Device classes sky130_fd_sc_hd__buf_4 and sky130_fd_sc_hd__buf_4 are equivalent.

Cell sky130_fd_sc_hd__clkinv_1 (0) disconnected node: A
Cell sky130_fd_sc_hd__clkinv_1 (0) disconnected node: VGND
Cell sky130_fd_sc_hd__clkinv_1 (0) disconnected node: VNB
Cell sky130_fd_sc_hd__clkinv_1 (0) disconnected node: VPB
Cell sky130_fd_sc_hd__clkinv_1 (0) disconnected node: VPWR
Cell sky130_fd_sc_hd__clkinv_1 (0) disconnected node: Y
Warning: Equate pins:  cell sky130_fd_sc_hd__clkinv_1 is a placeholder, treated as a black box.

Subcircuit pins:
Circuit 1: sky130_fd_sc_hd__clkinv_1       |Circuit 2: sky130_fd_sc_hd__clkinv_1       
-------------------------------------------|-------------------------------------------
A                                          |A                                          
VGND                                       |VGND                                       
VNB                                        |VNB                                        
VPB                                        |VPB                                        
VPWR                                       |VPWR                                       
Y                                          |(no matching pin)                          
---------------------------------------------------------------------------------------
Cell pin lists are equivalent.
Device classes sky130_fd_sc_hd__clkinv_1 and sky130_fd_sc_hd__clkinv_1 are equivalent.

Cell sky130_fd_sc_hd__dfrtp_4 (0) disconnected node: CLK
Cell sky130_fd_sc_hd__dfrtp_4 (0) disconnected node: D
Cell sky130_fd_sc_hd__dfrtp_4 (0) disconnected node: RESET_B
Cell sky130_fd_sc_hd__dfrtp_4 (0) disconnected node: VGND
Cell sky130_fd_sc_hd__dfrtp_4 (0) disconnected node: VNB
Cell sky130_fd_sc_hd__dfrtp_4 (0) disconnected node: VPB
Cell sky130_fd_sc_hd__dfrtp_4 (0) disconnected node: VPWR
Cell sky130_fd_sc_hd__dfrtp_4 (0) disconnected node: Q
Warning: Equate pins:  cell sky130_fd_sc_hd__dfrtp_4 is a placeholder, treated as a black box.

Subcircuit pins:
Circuit 1: sky130_fd_sc_hd__dfrtp_4        |Circuit 2: sky130_fd_sc_hd__dfrtp_4        
-------------------------------------------|-------------------------------------------
CLK                                        |CLK                                        
D                                          |D                                          
RESET_B                                    |RESET_B                                    
VGND                                       |VGND                                       
VNB                                        |VNB                                        
VPB                                        |VPB                                        
VPWR                                       |VPWR                                       
Q                                          |Q                                          
---------------------------------------------------------------------------------------
Cell pin lists are equivalent.
Device classes sky130_fd_sc_hd__dfrtp_4 and sky130_fd_sc_hd__dfrtp_4 are equivalent.

Cell sky130_fd_sc_hd__clkinvlp_2 (0) disconnected node: A
Cell sky130_fd_sc_hd__clkinvlp_2 (0) disconnected node: VGND
Cell sky130_fd_sc_hd__clkinvlp_2 (0) disconnected node: VNB
Cell sky130_fd_sc_hd__clkinvlp_2 (0) disconnected node: VPB
Cell sky130_fd_sc_hd__clkinvlp_2 (0) disconnected node: VPWR
Cell sky130_fd_sc_hd__clkinvlp_2 (0) disconnected node: Y
Warning: Equate pins:  cell sky130_fd_sc_hd__clkinvlp_2 is a placeholder, treated as a black box.

Subcircuit pins:
Circuit 1: sky130_fd_sc_hd__clkinvlp_2     |Circuit 2: sky130_fd_sc_hd__clkinvlp_2     
-------------------------------------------|-------------------------------------------
A                                          |A                                          
VGND                                       |VGND                                       
VNB                                        |VNB                                        
VPB                                        |VPB                                        
VPWR                                       |VPWR                                       
Y                                          |(no matching pin)                          
---------------------------------------------------------------------------------------
Cell pin lists are equivalent.
Device classes sky130_fd_sc_hd__clkinvlp_2 and sky130_fd_sc_hd__clkinvlp_2 are equivalent.

Cell sky130_fd_sc_hd__inv_8 (0) disconnected node: A
Cell sky130_fd_sc_hd__inv_8 (0) disconnected node: VGND
Cell sky130_fd_sc_hd__inv_8 (0) disconnected node: VNB
Cell sky130_fd_sc_hd__inv_8 (0) disconnected node: VPB
Cell sky130_fd_sc_hd__inv_8 (0) disconnected node: VPWR
Cell sky130_fd_sc_hd__inv_8 (0) disconnected node: Y
Warning: Equate pins:  cell sky130_fd_sc_hd__inv_8 is a placeholder, treated as a black box.

Subcircuit pins:
Circuit 1: sky130_fd_sc_hd__inv_8          |Circuit 2: sky130_fd_sc_hd__inv_8          
-------------------------------------------|-------------------------------------------
A                                          |A                                          
VGND                                       |VGND                                       
VNB                                        |VNB                                        
VPB                                        |VPB                                        
VPWR                                       |VPWR                                       
Y                                          |(no matching pin)                          
---------------------------------------------------------------------------------------
Cell pin lists are equivalent.
Device classes sky130_fd_sc_hd__inv_8 and sky130_fd_sc_hd__inv_8 are equivalent.

Cell sky130_fd_sc_hd__o21ai_1 (0) disconnected node: A1
Cell sky130_fd_sc_hd__o21ai_1 (0) disconnected node: A2
Cell sky130_fd_sc_hd__o21ai_1 (0) disconnected node: B1
Cell sky130_fd_sc_hd__o21ai_1 (0) disconnected node: VGND
Cell sky130_fd_sc_hd__o21ai_1 (0) disconnected node: VNB
Cell sky130_fd_sc_hd__o21ai_1 (0) disconnected node: VPB
Cell sky130_fd_sc_hd__o21ai_1 (0) disconnected node: VPWR
Cell sky130_fd_sc_hd__o21ai_1 (0) disconnected node: Y
Warning: Equate pins:  cell sky130_fd_sc_hd__o21ai_1 is a placeholder, treated as a black box.

Subcircuit pins:
Circuit 1: sky130_fd_sc_hd__o21ai_1        |Circuit 2: sky130_fd_sc_hd__o21ai_1        
-------------------------------------------|-------------------------------------------
A1                                         |A1                                         
A2                                         |A2                                         
B1                                         |B1                                         
VGND                                       |VGND                                       
VNB                                        |VNB                                        
VPB                                        |VPB                                        
VPWR                                       |VPWR                                       
Y                                          |Y                                          
---------------------------------------------------------------------------------------
Cell pin lists are equivalent.
Device classes sky130_fd_sc_hd__o21ai_1 and sky130_fd_sc_hd__o21ai_1 are equivalent.

Cell sky130_fd_sc_hd__clkinv_2 (0) disconnected node: A
Cell sky130_fd_sc_hd__clkinv_2 (0) disconnected node: VGND
Cell sky130_fd_sc_hd__clkinv_2 (0) disconnected node: VNB
Cell sky130_fd_sc_hd__clkinv_2 (0) disconnected node: VPB
Cell sky130_fd_sc_hd__clkinv_2 (0) disconnected node: VPWR
Cell sky130_fd_sc_hd__clkinv_2 (0) disconnected node: Y
Warning: Equate pins:  cell sky130_fd_sc_hd__clkinv_2 is a placeholder, treated as a black box.

Subcircuit pins:
Circuit 1: sky130_fd_sc_hd__clkinv_2       |Circuit 2: sky130_fd_sc_hd__clkinv_2       
-------------------------------------------|-------------------------------------------
A                                          |A                                          
VGND                                       |VGND                                       
VNB                                        |VNB                                        
VPB                                        |VPB                                        
VPWR                                       |VPWR                                       
Y                                          |(no matching pin)                          
---------------------------------------------------------------------------------------
Cell pin lists are equivalent.
Device classes sky130_fd_sc_hd__clkinv_2 and sky130_fd_sc_hd__clkinv_2 are equivalent.

Cell sky130_fd_sc_hd__a41o_1 (0) disconnected node: A1
Cell sky130_fd_sc_hd__a41o_1 (0) disconnected node: A2
Cell sky130_fd_sc_hd__a41o_1 (0) disconnected node: A3
Cell sky130_fd_sc_hd__a41o_1 (0) disconnected node: A4
Cell sky130_fd_sc_hd__a41o_1 (0) disconnected node: B1
Cell sky130_fd_sc_hd__a41o_1 (0) disconnected node: VGND
Cell sky130_fd_sc_hd__a41o_1 (0) disconnected node: VNB
Cell sky130_fd_sc_hd__a41o_1 (0) disconnected node: VPB
Cell sky130_fd_sc_hd__a41o_1 (0) disconnected node: VPWR
Cell sky130_fd_sc_hd__a41o_1 (0) disconnected node: X
Warning: Equate pins:  cell sky130_fd_sc_hd__a41o_1 is a placeholder, treated as a black box.

Subcircuit pins:
Circuit 1: sky130_fd_sc_hd__a41o_1         |Circuit 2: sky130_fd_sc_hd__a41o_1         
-------------------------------------------|-------------------------------------------
A1                                         |A1                                         
A2                                         |A2                                         
A3                                         |A3                                         
A4                                         |A4                                         
B1                                         |B1                                         
VGND                                       |VGND                                       
VNB                                        |VNB                                        
VPB                                        |VPB                                        
VPWR                                       |VPWR                                       
X                                          |X                                          
---------------------------------------------------------------------------------------
Cell pin lists are equivalent.
Device classes sky130_fd_sc_hd__a41o_1 and sky130_fd_sc_hd__a41o_1 are equivalent.

Cell sky130_fd_sc_hd__clkbuf_2 (0) disconnected node: A
Cell sky130_fd_sc_hd__clkbuf_2 (0) disconnected node: VGND
Cell sky130_fd_sc_hd__clkbuf_2 (0) disconnected node: VNB
Cell sky130_fd_sc_hd__clkbuf_2 (0) disconnected node: VPB
Cell sky130_fd_sc_hd__clkbuf_2 (0) disconnected node: VPWR
Cell sky130_fd_sc_hd__clkbuf_2 (0) disconnected node: X
Warning: Equate pins:  cell sky130_fd_sc_hd__clkbuf_2 is a placeholder, treated as a black box.

Subcircuit pins:
Circuit 1: sky130_fd_sc_hd__clkbuf_2       |Circuit 2: sky130_fd_sc_hd__clkbuf_2       
-------------------------------------------|-------------------------------------------
A                                          |A                                          
VGND                                       |VGND                                       
VNB                                        |VNB                                        
VPB                                        |VPB                                        
VPWR                                       |VPWR                                       
X                                          |X                                          
---------------------------------------------------------------------------------------
Cell pin lists are equivalent.
Device classes sky130_fd_sc_hd__clkbuf_2 and sky130_fd_sc_hd__clkbuf_2 are equivalent.

Cell sky130_fd_sc_hd__conb_1 (0) disconnected node: VGND
Cell sky130_fd_sc_hd__conb_1 (0) disconnected node: VNB
Cell sky130_fd_sc_hd__conb_1 (0) disconnected node: VPB
Cell sky130_fd_sc_hd__conb_1 (0) disconnected node: VPWR
Cell sky130_fd_sc_hd__conb_1 (0) disconnected node: HI
Cell sky130_fd_sc_hd__conb_1 (0) disconnected node: LO
Warning: Equate pins:  cell sky130_fd_sc_hd__conb_1 is a placeholder, treated as a black box.

Subcircuit pins:
Circuit 1: sky130_fd_sc_hd__conb_1         |Circuit 2: sky130_fd_sc_hd__conb_1         
-------------------------------------------|-------------------------------------------
VGND                                       |VGND                                       
VNB                                        |VNB                                        
VPB                                        |VPB                                        
VPWR                                       |VPWR                                       
LO                                         |LO                                         
HI                                         |(no matching pin)                          
---------------------------------------------------------------------------------------
Cell pin lists are equivalent.
Device classes sky130_fd_sc_hd__conb_1 and sky130_fd_sc_hd__conb_1 are equivalent.

Cell sky130_fd_sc_hd__o31ai_1 (0) disconnected node: A1
Cell sky130_fd_sc_hd__o31ai_1 (0) disconnected node: A2
Cell sky130_fd_sc_hd__o31ai_1 (0) disconnected node: A3
Cell sky130_fd_sc_hd__o31ai_1 (0) disconnected node: B1
Cell sky130_fd_sc_hd__o31ai_1 (0) disconnected node: VGND
Cell sky130_fd_sc_hd__o31ai_1 (0) disconnected node: VNB
Cell sky130_fd_sc_hd__o31ai_1 (0) disconnected node: VPB
Cell sky130_fd_sc_hd__o31ai_1 (0) disconnected node: VPWR
Cell sky130_fd_sc_hd__o31ai_1 (0) disconnected node: Y
Warning: Equate pins:  cell sky130_fd_sc_hd__o31ai_1 is a placeholder, treated as a black box.

Subcircuit pins:
Circuit 1: sky130_fd_sc_hd__o31ai_1        |Circuit 2: sky130_fd_sc_hd__o31ai_1        
-------------------------------------------|-------------------------------------------
A1                                         |A1                                         
A2                                         |A2                                         
A3                                         |A3                                         
B1                                         |B1                                         
VGND                                       |VGND                                       
VNB                                        |VNB                                        
VPB                                        |VPB                                        
VPWR                                       |VPWR                                       
Y                                          |Y                                          
---------------------------------------------------------------------------------------
Cell pin lists are equivalent.
Device classes sky130_fd_sc_hd__o31ai_1 and sky130_fd_sc_hd__o31ai_1 are equivalent.

Cell sky130_fd_sc_hd__o41a_1 (0) disconnected node: A1
Cell sky130_fd_sc_hd__o41a_1 (0) disconnected node: A2
Cell sky130_fd_sc_hd__o41a_1 (0) disconnected node: A3
Cell sky130_fd_sc_hd__o41a_1 (0) disconnected node: A4
Cell sky130_fd_sc_hd__o41a_1 (0) disconnected node: B1
Cell sky130_fd_sc_hd__o41a_1 (0) disconnected node: VGND
Cell sky130_fd_sc_hd__o41a_1 (0) disconnected node: VNB
Cell sky130_fd_sc_hd__o41a_1 (0) disconnected node: VPB
Cell sky130_fd_sc_hd__o41a_1 (0) disconnected node: VPWR
Cell sky130_fd_sc_hd__o41a_1 (0) disconnected node: X
Warning: Equate pins:  cell sky130_fd_sc_hd__o41a_1 is a placeholder, treated as a black box.

Subcircuit pins:
Circuit 1: sky130_fd_sc_hd__o41a_1         |Circuit 2: sky130_fd_sc_hd__o41a_1         
-------------------------------------------|-------------------------------------------
A1                                         |A1                                         
A2                                         |A2                                         
A3                                         |A3                                         
A4                                         |A4                                         
B1                                         |B1                                         
VGND                                       |VGND                                       
VNB                                        |VNB                                        
VPB                                        |VPB                                        
VPWR                                       |VPWR                                       
X                                          |X                                          
---------------------------------------------------------------------------------------
Cell pin lists are equivalent.
Device classes sky130_fd_sc_hd__o41a_1 and sky130_fd_sc_hd__o41a_1 are equivalent.

Cell sky130_fd_sc_hd__nor2_2 (0) disconnected node: A
Cell sky130_fd_sc_hd__nor2_2 (0) disconnected node: B
Cell sky130_fd_sc_hd__nor2_2 (0) disconnected node: VGND
Cell sky130_fd_sc_hd__nor2_2 (0) disconnected node: VNB
Cell sky130_fd_sc_hd__nor2_2 (0) disconnected node: VPB
Cell sky130_fd_sc_hd__nor2_2 (0) disconnected node: VPWR
Cell sky130_fd_sc_hd__nor2_2 (0) disconnected node: Y
Warning: Equate pins:  cell sky130_fd_sc_hd__nor2_2 is a placeholder, treated as a black box.

Subcircuit pins:
Circuit 1: sky130_fd_sc_hd__nor2_2         |Circuit 2: sky130_fd_sc_hd__nor2_2         
-------------------------------------------|-------------------------------------------
A                                          |A                                          
B                                          |B                                          
VGND                                       |VGND                                       
VNB                                        |VNB                                        
VPB                                        |VPB                                        
VPWR                                       |VPWR                                       
Y                                          |Y                                          
---------------------------------------------------------------------------------------
Cell pin lists are equivalent.
Device classes sky130_fd_sc_hd__nor2_2 and sky130_fd_sc_hd__nor2_2 are equivalent.

Cell sky130_fd_sc_hd__clkinv_8 (0) disconnected node: A
Cell sky130_fd_sc_hd__clkinv_8 (0) disconnected node: VGND
Cell sky130_fd_sc_hd__clkinv_8 (0) disconnected node: VNB
Cell sky130_fd_sc_hd__clkinv_8 (0) disconnected node: VPB
Cell sky130_fd_sc_hd__clkinv_8 (0) disconnected node: VPWR
Cell sky130_fd_sc_hd__clkinv_8 (0) disconnected node: Y
Warning: Equate pins:  cell sky130_fd_sc_hd__clkinv_8 is a placeholder, treated as a black box.

Subcircuit pins:
Circuit 1: sky130_fd_sc_hd__clkinv_8       |Circuit 2: sky130_fd_sc_hd__clkinv_8       
-------------------------------------------|-------------------------------------------
A                                          |A                                          
VGND                                       |VGND                                       
VNB                                        |VNB                                        
VPB                                        |VPB                                        
VPWR                                       |VPWR                                       
Y                                          |(no matching pin)                          
---------------------------------------------------------------------------------------
Cell pin lists are equivalent.
Device classes sky130_fd_sc_hd__clkinv_8 and sky130_fd_sc_hd__clkinv_8 are equivalent.

Cell sky130_fd_sc_hd__a32o_1 (0) disconnected node: A1
Cell sky130_fd_sc_hd__a32o_1 (0) disconnected node: A2
Cell sky130_fd_sc_hd__a32o_1 (0) disconnected node: A3
Cell sky130_fd_sc_hd__a32o_1 (0) disconnected node: B1
Cell sky130_fd_sc_hd__a32o_1 (0) disconnected node: B2
Cell sky130_fd_sc_hd__a32o_1 (0) disconnected node: VGND
Cell sky130_fd_sc_hd__a32o_1 (0) disconnected node: VNB
Cell sky130_fd_sc_hd__a32o_1 (0) disconnected node: VPB
Cell sky130_fd_sc_hd__a32o_1 (0) disconnected node: VPWR
Cell sky130_fd_sc_hd__a32o_1 (0) disconnected node: X
Warning: Equate pins:  cell sky130_fd_sc_hd__a32o_1 is a placeholder, treated as a black box.

Subcircuit pins:
Circuit 1: sky130_fd_sc_hd__a32o_1         |Circuit 2: sky130_fd_sc_hd__a32o_1         
-------------------------------------------|-------------------------------------------
A1                                         |A1                                         
A2                                         |A2                                         
A3                                         |A3                                         
B1                                         |B1                                         
B2                                         |B2                                         
VGND                                       |VGND                                       
VNB                                        |VNB                                        
VPB                                        |VPB                                        
VPWR                                       |VPWR                                       
X                                          |X                                          
---------------------------------------------------------------------------------------
Cell pin lists are equivalent.
Device classes sky130_fd_sc_hd__a32o_1 and sky130_fd_sc_hd__a32o_1 are equivalent.

Cell sky130_fd_sc_hd__dfrtp_2 (0) disconnected node: CLK
Cell sky130_fd_sc_hd__dfrtp_2 (0) disconnected node: D
Cell sky130_fd_sc_hd__dfrtp_2 (0) disconnected node: RESET_B
Cell sky130_fd_sc_hd__dfrtp_2 (0) disconnected node: VGND
Cell sky130_fd_sc_hd__dfrtp_2 (0) disconnected node: VNB
Cell sky130_fd_sc_hd__dfrtp_2 (0) disconnected node: VPB
Cell sky130_fd_sc_hd__dfrtp_2 (0) disconnected node: VPWR
Cell sky130_fd_sc_hd__dfrtp_2 (0) disconnected node: Q
Warning: Equate pins:  cell sky130_fd_sc_hd__dfrtp_2 is a placeholder, treated as a black box.

Subcircuit pins:
Circuit 1: sky130_fd_sc_hd__dfrtp_2        |Circuit 2: sky130_fd_sc_hd__dfrtp_2        
-------------------------------------------|-------------------------------------------
CLK                                        |CLK                                        
D                                          |D                                          
RESET_B                                    |RESET_B                                    
VGND                                       |VGND                                       
VNB                                        |VNB                                        
VPB                                        |VPB                                        
VPWR                                       |VPWR                                       
Q                                          |Q                                          
---------------------------------------------------------------------------------------
Cell pin lists are equivalent.
Device classes sky130_fd_sc_hd__dfrtp_2 and sky130_fd_sc_hd__dfrtp_2 are equivalent.

Cell sky130_fd_sc_hd__nand3_1 (0) disconnected node: A
Cell sky130_fd_sc_hd__nand3_1 (0) disconnected node: B
Cell sky130_fd_sc_hd__nand3_1 (0) disconnected node: C
Cell sky130_fd_sc_hd__nand3_1 (0) disconnected node: VGND
Cell sky130_fd_sc_hd__nand3_1 (0) disconnected node: VNB
Cell sky130_fd_sc_hd__nand3_1 (0) disconnected node: VPB
Cell sky130_fd_sc_hd__nand3_1 (0) disconnected node: VPWR
Cell sky130_fd_sc_hd__nand3_1 (0) disconnected node: Y
Warning: Equate pins:  cell sky130_fd_sc_hd__nand3_1 is a placeholder, treated as a black box.

Subcircuit pins:
Circuit 1: sky130_fd_sc_hd__nand3_1        |Circuit 2: sky130_fd_sc_hd__nand3_1        
-------------------------------------------|-------------------------------------------
A                                          |A                                          
B                                          |B                                          
C                                          |C                                          
VGND                                       |VGND                                       
VNB                                        |VNB                                        
VPB                                        |VPB                                        
VPWR                                       |VPWR                                       
Y                                          |Y                                          
---------------------------------------------------------------------------------------
Cell pin lists are equivalent.
Device classes sky130_fd_sc_hd__nand3_1 and sky130_fd_sc_hd__nand3_1 are equivalent.

Cell sky130_fd_sc_hd__a22oi_1 (0) disconnected node: A1
Cell sky130_fd_sc_hd__a22oi_1 (0) disconnected node: A2
Cell sky130_fd_sc_hd__a22oi_1 (0) disconnected node: B1
Cell sky130_fd_sc_hd__a22oi_1 (0) disconnected node: B2
Cell sky130_fd_sc_hd__a22oi_1 (0) disconnected node: VGND
Cell sky130_fd_sc_hd__a22oi_1 (0) disconnected node: VNB
Cell sky130_fd_sc_hd__a22oi_1 (0) disconnected node: VPB
Cell sky130_fd_sc_hd__a22oi_1 (0) disconnected node: VPWR
Cell sky130_fd_sc_hd__a22oi_1 (0) disconnected node: Y
Warning: Equate pins:  cell sky130_fd_sc_hd__a22oi_1 is a placeholder, treated as a black box.

Subcircuit pins:
Circuit 1: sky130_fd_sc_hd__a22oi_1        |Circuit 2: sky130_fd_sc_hd__a22oi_1        
-------------------------------------------|-------------------------------------------
A1                                         |A1                                         
A2                                         |A2                                         
B1                                         |B1                                         
B2                                         |B2                                         
VGND                                       |VGND                                       
VNB                                        |VNB                                        
VPB                                        |VPB                                        
VPWR                                       |VPWR                                       
Y                                          |Y                                          
---------------------------------------------------------------------------------------
Cell pin lists are equivalent.
Device classes sky130_fd_sc_hd__a22oi_1 and sky130_fd_sc_hd__a22oi_1 are equivalent.

Cell sky130_fd_sc_hd__and4bb_1 (0) disconnected node: A_N
Cell sky130_fd_sc_hd__and4bb_1 (0) disconnected node: B_N
Cell sky130_fd_sc_hd__and4bb_1 (0) disconnected node: C
Cell sky130_fd_sc_hd__and4bb_1 (0) disconnected node: D
Cell sky130_fd_sc_hd__and4bb_1 (0) disconnected node: VGND
Cell sky130_fd_sc_hd__and4bb_1 (0) disconnected node: VNB
Cell sky130_fd_sc_hd__and4bb_1 (0) disconnected node: VPB
Cell sky130_fd_sc_hd__and4bb_1 (0) disconnected node: VPWR
Cell sky130_fd_sc_hd__and4bb_1 (0) disconnected node: X
Warning: Equate pins:  cell sky130_fd_sc_hd__and4bb_1 is a placeholder, treated as a black box.

Subcircuit pins:
Circuit 1: sky130_fd_sc_hd__and4bb_1       |Circuit 2: sky130_fd_sc_hd__and4bb_1       
-------------------------------------------|-------------------------------------------
A_N                                        |A_N                                        
B_N                                        |B_N                                        
C                                          |C                                          
D                                          |D                                          
VGND                                       |VGND                                       
VNB                                        |VNB                                        
VPB                                        |VPB                                        
VPWR                                       |VPWR                                       
X                                          |X                                          
---------------------------------------------------------------------------------------
Cell pin lists are equivalent.
Device classes sky130_fd_sc_hd__and4bb_1 and sky130_fd_sc_hd__and4bb_1 are equivalent.

Cell sky130_fd_sc_hd__or2b_1 (0) disconnected node: A
Cell sky130_fd_sc_hd__or2b_1 (0) disconnected node: B_N
Cell sky130_fd_sc_hd__or2b_1 (0) disconnected node: VGND
Cell sky130_fd_sc_hd__or2b_1 (0) disconnected node: VNB
Cell sky130_fd_sc_hd__or2b_1 (0) disconnected node: VPB
Cell sky130_fd_sc_hd__or2b_1 (0) disconnected node: VPWR
Cell sky130_fd_sc_hd__or2b_1 (0) disconnected node: X
Warning: Equate pins:  cell sky130_fd_sc_hd__or2b_1 is a placeholder, treated as a black box.

Subcircuit pins:
Circuit 1: sky130_fd_sc_hd__or2b_1         |Circuit 2: sky130_fd_sc_hd__or2b_1         
-------------------------------------------|-------------------------------------------
A                                          |A                                          
B_N                                        |B_N                                        
VGND                                       |VGND                                       
VNB                                        |VNB                                        
VPB                                        |VPB                                        
VPWR                                       |VPWR                                       
X                                          |X                                          
---------------------------------------------------------------------------------------
Cell pin lists are equivalent.
Device classes sky130_fd_sc_hd__or2b_1 and sky130_fd_sc_hd__or2b_1 are equivalent.

Cell sky130_fd_sc_hd__a2111oi_1 (0) disconnected node: A1
Cell sky130_fd_sc_hd__a2111oi_1 (0) disconnected node: A2
Cell sky130_fd_sc_hd__a2111oi_1 (0) disconnected node: B1
Cell sky130_fd_sc_hd__a2111oi_1 (0) disconnected node: C1
Cell sky130_fd_sc_hd__a2111oi_1 (0) disconnected node: D1
Cell sky130_fd_sc_hd__a2111oi_1 (0) disconnected node: VGND
Cell sky130_fd_sc_hd__a2111oi_1 (0) disconnected node: VNB
Cell sky130_fd_sc_hd__a2111oi_1 (0) disconnected node: VPB
Cell sky130_fd_sc_hd__a2111oi_1 (0) disconnected node: VPWR
Cell sky130_fd_sc_hd__a2111oi_1 (0) disconnected node: Y
Warning: Equate pins:  cell sky130_fd_sc_hd__a2111oi_1 is a placeholder, treated as a black box.

Subcircuit pins:
Circuit 1: sky130_fd_sc_hd__a2111oi_1      |Circuit 2: sky130_fd_sc_hd__a2111oi_1      
-------------------------------------------|-------------------------------------------
A1                                         |A1                                         
A2                                         |A2                                         
B1                                         |B1                                         
C1                                         |C1                                         
D1                                         |D1                                         
VGND                                       |VGND                                       
VNB                                        |VNB                                        
VPB                                        |VPB                                        
VPWR                                       |VPWR                                       
Y                                          |Y                                          
---------------------------------------------------------------------------------------
Cell pin lists are equivalent.
Device classes sky130_fd_sc_hd__a2111oi_1 and sky130_fd_sc_hd__a2111oi_1 are equivalent.

Cell sky130_fd_sc_hd__dlygate4sd3_1 (0) disconnected node: A
Cell sky130_fd_sc_hd__dlygate4sd3_1 (0) disconnected node: VGND
Cell sky130_fd_sc_hd__dlygate4sd3_1 (0) disconnected node: VNB
Cell sky130_fd_sc_hd__dlygate4sd3_1 (0) disconnected node: VPB
Cell sky130_fd_sc_hd__dlygate4sd3_1 (0) disconnected node: VPWR
Cell sky130_fd_sc_hd__dlygate4sd3_1 (0) disconnected node: X
Warning: Equate pins:  cell sky130_fd_sc_hd__dlygate4sd3_1 is a placeholder, treated as a black box.

Subcircuit pins:
Circuit 1: sky130_fd_sc_hd__dlygate4sd3_1  |Circuit 2: sky130_fd_sc_hd__dlygate4sd3_1  
-------------------------------------------|-------------------------------------------
A                                          |A                                          
VGND                                       |VGND                                       
VNB                                        |VNB                                        
VPB                                        |VPB                                        
VPWR                                       |VPWR                                       
X                                          |X                                          
---------------------------------------------------------------------------------------
Cell pin lists are equivalent.
Device classes sky130_fd_sc_hd__dlygate4sd3_1 and sky130_fd_sc_hd__dlygate4sd3_1 are equivalent.

Cell sky130_fd_sc_hd__nor4_1 (0) disconnected node: A
Cell sky130_fd_sc_hd__nor4_1 (0) disconnected node: B
Cell sky130_fd_sc_hd__nor4_1 (0) disconnected node: C
Cell sky130_fd_sc_hd__nor4_1 (0) disconnected node: D
Cell sky130_fd_sc_hd__nor4_1 (0) disconnected node: VGND
Cell sky130_fd_sc_hd__nor4_1 (0) disconnected node: VNB
Cell sky130_fd_sc_hd__nor4_1 (0) disconnected node: VPB
Cell sky130_fd_sc_hd__nor4_1 (0) disconnected node: VPWR
Cell sky130_fd_sc_hd__nor4_1 (0) disconnected node: Y
Warning: Equate pins:  cell sky130_fd_sc_hd__nor4_1 is a placeholder, treated as a black box.

Subcircuit pins:
Circuit 1: sky130_fd_sc_hd__nor4_1         |Circuit 2: sky130_fd_sc_hd__nor4_1         
-------------------------------------------|-------------------------------------------
A                                          |A                                          
B                                          |B                                          
C                                          |C                                          
D                                          |D                                          
VGND                                       |VGND                                       
VNB                                        |VNB                                        
VPB                                        |VPB                                        
VPWR                                       |VPWR                                       
Y                                          |Y                                          
---------------------------------------------------------------------------------------
Cell pin lists are equivalent.
Device classes sky130_fd_sc_hd__nor4_1 and sky130_fd_sc_hd__nor4_1 are equivalent.

Cell sky130_fd_sc_hd__a21boi_1 (0) disconnected node: A1
Cell sky130_fd_sc_hd__a21boi_1 (0) disconnected node: A2
Cell sky130_fd_sc_hd__a21boi_1 (0) disconnected node: B1_N
Cell sky130_fd_sc_hd__a21boi_1 (0) disconnected node: VGND
Cell sky130_fd_sc_hd__a21boi_1 (0) disconnected node: VNB
Cell sky130_fd_sc_hd__a21boi_1 (0) disconnected node: VPB
Cell sky130_fd_sc_hd__a21boi_1 (0) disconnected node: VPWR
Cell sky130_fd_sc_hd__a21boi_1 (0) disconnected node: Y
Warning: Equate pins:  cell sky130_fd_sc_hd__a21boi_1 is a placeholder, treated as a black box.

Subcircuit pins:
Circuit 1: sky130_fd_sc_hd__a21boi_1       |Circuit 2: sky130_fd_sc_hd__a21boi_1       
-------------------------------------------|-------------------------------------------
A1                                         |A1                                         
A2                                         |A2                                         
B1_N                                       |B1_N                                       
VGND                                       |VGND                                       
VNB                                        |VNB                                        
VPB                                        |VPB                                        
VPWR                                       |VPWR                                       
Y                                          |Y                                          
---------------------------------------------------------------------------------------
Cell pin lists are equivalent.
Device classes sky130_fd_sc_hd__a21boi_1 and sky130_fd_sc_hd__a21boi_1 are equivalent.

Cell sky130_fd_sc_hd__or2_2 (0) disconnected node: A
Cell sky130_fd_sc_hd__or2_2 (0) disconnected node: B
Cell sky130_fd_sc_hd__or2_2 (0) disconnected node: VGND
Cell sky130_fd_sc_hd__or2_2 (0) disconnected node: VNB
Cell sky130_fd_sc_hd__or2_2 (0) disconnected node: VPB
Cell sky130_fd_sc_hd__or2_2 (0) disconnected node: VPWR
Cell sky130_fd_sc_hd__or2_2 (0) disconnected node: X
Warning: Equate pins:  cell sky130_fd_sc_hd__or2_2 is a placeholder, treated as a black box.

Subcircuit pins:
Circuit 1: sky130_fd_sc_hd__or2_2          |Circuit 2: sky130_fd_sc_hd__or2_2          
-------------------------------------------|-------------------------------------------
A                                          |A                                          
B                                          |B                                          
VGND                                       |VGND                                       
VNB                                        |VNB                                        
VPB                                        |VPB                                        
VPWR                                       |VPWR                                       
X                                          |X                                          
---------------------------------------------------------------------------------------
Cell pin lists are equivalent.
Device classes sky130_fd_sc_hd__or2_2 and sky130_fd_sc_hd__or2_2 are equivalent.

Cell sky130_fd_sc_hd__o22ai_1 (0) disconnected node: A1
Cell sky130_fd_sc_hd__o22ai_1 (0) disconnected node: A2
Cell sky130_fd_sc_hd__o22ai_1 (0) disconnected node: B1
Cell sky130_fd_sc_hd__o22ai_1 (0) disconnected node: B2
Cell sky130_fd_sc_hd__o22ai_1 (0) disconnected node: VGND
Cell sky130_fd_sc_hd__o22ai_1 (0) disconnected node: VNB
Cell sky130_fd_sc_hd__o22ai_1 (0) disconnected node: VPB
Cell sky130_fd_sc_hd__o22ai_1 (0) disconnected node: VPWR
Cell sky130_fd_sc_hd__o22ai_1 (0) disconnected node: Y
Warning: Equate pins:  cell sky130_fd_sc_hd__o22ai_1 is a placeholder, treated as a black box.

Subcircuit pins:
Circuit 1: sky130_fd_sc_hd__o22ai_1        |Circuit 2: sky130_fd_sc_hd__o22ai_1        
-------------------------------------------|-------------------------------------------
A1                                         |A1                                         
A2                                         |A2                                         
B1                                         |B1                                         
B2                                         |B2                                         
VGND                                       |VGND                                       
VNB                                        |VNB                                        
VPB                                        |VPB                                        
VPWR                                       |VPWR                                       
Y                                          |Y                                          
---------------------------------------------------------------------------------------
Cell pin lists are equivalent.
Device classes sky130_fd_sc_hd__o22ai_1 and sky130_fd_sc_hd__o22ai_1 are equivalent.

Cell sky130_fd_sc_hd__o311a_1 (0) disconnected node: A1
Cell sky130_fd_sc_hd__o311a_1 (0) disconnected node: A2
Cell sky130_fd_sc_hd__o311a_1 (0) disconnected node: A3
Cell sky130_fd_sc_hd__o311a_1 (0) disconnected node: B1
Cell sky130_fd_sc_hd__o311a_1 (0) disconnected node: C1
Cell sky130_fd_sc_hd__o311a_1 (0) disconnected node: VGND
Cell sky130_fd_sc_hd__o311a_1 (0) disconnected node: VNB
Cell sky130_fd_sc_hd__o311a_1 (0) disconnected node: VPB
Cell sky130_fd_sc_hd__o311a_1 (0) disconnected node: VPWR
Cell sky130_fd_sc_hd__o311a_1 (0) disconnected node: X
Warning: Equate pins:  cell sky130_fd_sc_hd__o311a_1 is a placeholder, treated as a black box.

Subcircuit pins:
Circuit 1: sky130_fd_sc_hd__o311a_1        |Circuit 2: sky130_fd_sc_hd__o311a_1        
-------------------------------------------|-------------------------------------------
A1                                         |A1                                         
A2                                         |A2                                         
A3                                         |A3                                         
B1                                         |B1                                         
C1                                         |C1                                         
VGND                                       |VGND                                       
VNB                                        |VNB                                        
VPB                                        |VPB                                        
VPWR                                       |VPWR                                       
X                                          |X                                          
---------------------------------------------------------------------------------------
Cell pin lists are equivalent.
Device classes sky130_fd_sc_hd__o311a_1 and sky130_fd_sc_hd__o311a_1 are equivalent.

Cell sky130_fd_sc_hd__or4bb_1 (0) disconnected node: A
Cell sky130_fd_sc_hd__or4bb_1 (0) disconnected node: B
Cell sky130_fd_sc_hd__or4bb_1 (0) disconnected node: C_N
Cell sky130_fd_sc_hd__or4bb_1 (0) disconnected node: D_N
Cell sky130_fd_sc_hd__or4bb_1 (0) disconnected node: VGND
Cell sky130_fd_sc_hd__or4bb_1 (0) disconnected node: VNB
Cell sky130_fd_sc_hd__or4bb_1 (0) disconnected node: VPB
Cell sky130_fd_sc_hd__or4bb_1 (0) disconnected node: VPWR
Cell sky130_fd_sc_hd__or4bb_1 (0) disconnected node: X
Warning: Equate pins:  cell sky130_fd_sc_hd__or4bb_1 is a placeholder, treated as a black box.

Subcircuit pins:
Circuit 1: sky130_fd_sc_hd__or4bb_1        |Circuit 2: sky130_fd_sc_hd__or4bb_1        
-------------------------------------------|-------------------------------------------
A                                          |A                                          
B                                          |B                                          
C_N                                        |C_N                                        
D_N                                        |D_N                                        
VGND                                       |VGND                                       
VNB                                        |VNB                                        
VPB                                        |VPB                                        
VPWR                                       |VPWR                                       
X                                          |X                                          
---------------------------------------------------------------------------------------
Cell pin lists are equivalent.
Device classes sky130_fd_sc_hd__or4bb_1 and sky130_fd_sc_hd__or4bb_1 are equivalent.

Cell Random_forest_top_ver3 (0) disconnected node: arbitration_id[0]
Cell Random_forest_top_ver3 (0) disconnected node: arbitration_id[10]
Cell Random_forest_top_ver3 (0) disconnected node: arbitration_id[11]
Cell Random_forest_top_ver3 (0) disconnected node: arbitration_id[12]
Cell Random_forest_top_ver3 (0) disconnected node: arbitration_id[13]
Cell Random_forest_top_ver3 (0) disconnected node: arbitration_id[14]
Cell Random_forest_top_ver3 (0) disconnected node: arbitration_id[15]
Cell Random_forest_top_ver3 (0) disconnected node: arbitration_id[16]
Cell Random_forest_top_ver3 (0) disconnected node: arbitration_id[17]
Cell Random_forest_top_ver3 (0) disconnected node: arbitration_id[18]
Cell Random_forest_top_ver3 (0) disconnected node: arbitration_id[19]
Cell Random_forest_top_ver3 (0) disconnected node: arbitration_id[1]
Cell Random_forest_top_ver3 (0) disconnected node: arbitration_id[20]
Cell Random_forest_top_ver3 (0) disconnected node: arbitration_id[21]
Cell Random_forest_top_ver3 (0) disconnected node: arbitration_id[22]
Cell Random_forest_top_ver3 (0) disconnected node: arbitration_id[23]
Cell Random_forest_top_ver3 (0) disconnected node: arbitration_id[24]
Cell Random_forest_top_ver3 (0) disconnected node: arbitration_id[25]
Cell Random_forest_top_ver3 (0) disconnected node: arbitration_id[26]
Cell Random_forest_top_ver3 (0) disconnected node: arbitration_id[27]
Cell Random_forest_top_ver3 (0) disconnected node: arbitration_id[28]
Cell Random_forest_top_ver3 (0) disconnected node: arbitration_id[29]
Cell Random_forest_top_ver3 (0) disconnected node: arbitration_id[2]
Cell Random_forest_top_ver3 (0) disconnected node: arbitration_id[30]
Cell Random_forest_top_ver3 (0) disconnected node: arbitration_id[31]
Cell Random_forest_top_ver3 (0) disconnected node: arbitration_id[32]
Cell Random_forest_top_ver3 (0) disconnected node: arbitration_id[33]
Cell Random_forest_top_ver3 (0) disconnected node: arbitration_id[34]
Cell Random_forest_top_ver3 (0) disconnected node: arbitration_id[35]
Cell Random_forest_top_ver3 (0) disconnected node: arbitration_id[36]
Cell Random_forest_top_ver3 (0) disconnected node: arbitration_id[37]
Cell Random_forest_top_ver3 (0) disconnected node: arbitration_id[38]
Cell Random_forest_top_ver3 (0) disconnected node: arbitration_id[39]
Cell Random_forest_top_ver3 (0) disconnected node: arbitration_id[3]
Cell Random_forest_top_ver3 (0) disconnected node: arbitration_id[40]
Cell Random_forest_top_ver3 (0) disconnected node: arbitration_id[41]
Cell Random_forest_top_ver3 (0) disconnected node: arbitration_id[42]
Cell Random_forest_top_ver3 (0) disconnected node: arbitration_id[43]
Cell Random_forest_top_ver3 (0) disconnected node: arbitration_id[44]
Cell Random_forest_top_ver3 (0) disconnected node: arbitration_id[45]
Cell Random_forest_top_ver3 (0) disconnected node: arbitration_id[46]
Cell Random_forest_top_ver3 (0) disconnected node: arbitration_id[47]
Cell Random_forest_top_ver3 (0) disconnected node: arbitration_id[48]
Cell Random_forest_top_ver3 (0) disconnected node: arbitration_id[49]
Cell Random_forest_top_ver3 (0) disconnected node: arbitration_id[4]
Cell Random_forest_top_ver3 (0) disconnected node: arbitration_id[50]
Cell Random_forest_top_ver3 (0) disconnected node: arbitration_id[51]
Cell Random_forest_top_ver3 (0) disconnected node: arbitration_id[52]
Cell Random_forest_top_ver3 (0) disconnected node: arbitration_id[53]
Cell Random_forest_top_ver3 (0) disconnected node: arbitration_id[54]
Cell Random_forest_top_ver3 (0) disconnected node: arbitration_id[55]
Cell Random_forest_top_ver3 (0) disconnected node: arbitration_id[56]
Cell Random_forest_top_ver3 (0) disconnected node: arbitration_id[57]
Cell Random_forest_top_ver3 (0) disconnected node: arbitration_id[58]
Cell Random_forest_top_ver3 (0) disconnected node: arbitration_id[59]
Cell Random_forest_top_ver3 (0) disconnected node: arbitration_id[5]
Cell Random_forest_top_ver3 (0) disconnected node: arbitration_id[60]
Cell Random_forest_top_ver3 (0) disconnected node: arbitration_id[61]
Cell Random_forest_top_ver3 (0) disconnected node: arbitration_id[62]
Cell Random_forest_top_ver3 (0) disconnected node: arbitration_id[63]
Cell Random_forest_top_ver3 (0) disconnected node: arbitration_id[6]
Cell Random_forest_top_ver3 (0) disconnected node: arbitration_id[7]
Cell Random_forest_top_ver3 (0) disconnected node: arbitration_id[8]
Cell Random_forest_top_ver3 (0) disconnected node: arbitration_id[9]
Cell Random_forest_top_ver3 (0) disconnected node: data_field[0]
Cell Random_forest_top_ver3 (0) disconnected node: data_field[10]
Cell Random_forest_top_ver3 (0) disconnected node: data_field[11]
Cell Random_forest_top_ver3 (0) disconnected node: data_field[12]
Cell Random_forest_top_ver3 (0) disconnected node: data_field[13]
Cell Random_forest_top_ver3 (0) disconnected node: data_field[14]
Cell Random_forest_top_ver3 (0) disconnected node: data_field[15]
Cell Random_forest_top_ver3 (0) disconnected node: data_field[16]
Cell Random_forest_top_ver3 (0) disconnected node: data_field[17]
Cell Random_forest_top_ver3 (0) disconnected node: data_field[18]
Cell Random_forest_top_ver3 (0) disconnected node: data_field[19]
Cell Random_forest_top_ver3 (0) disconnected node: data_field[1]
Cell Random_forest_top_ver3 (0) disconnected node: data_field[20]
Cell Random_forest_top_ver3 (0) disconnected node: data_field[21]
Cell Random_forest_top_ver3 (0) disconnected node: data_field[22]
Cell Random_forest_top_ver3 (0) disconnected node: data_field[23]
Cell Random_forest_top_ver3 (0) disconnected node: data_field[24]
Cell Random_forest_top_ver3 (0) disconnected node: data_field[25]
Cell Random_forest_top_ver3 (0) disconnected node: data_field[26]
Cell Random_forest_top_ver3 (0) disconnected node: data_field[27]
Cell Random_forest_top_ver3 (0) disconnected node: data_field[28]
Cell Random_forest_top_ver3 (0) disconnected node: data_field[29]
Cell Random_forest_top_ver3 (0) disconnected node: data_field[2]
Cell Random_forest_top_ver3 (0) disconnected node: data_field[30]
Cell Random_forest_top_ver3 (0) disconnected node: data_field[31]
Cell Random_forest_top_ver3 (0) disconnected node: data_field[32]
Cell Random_forest_top_ver3 (0) disconnected node: data_field[33]
Cell Random_forest_top_ver3 (0) disconnected node: data_field[34]
Cell Random_forest_top_ver3 (0) disconnected node: data_field[35]
Cell Random_forest_top_ver3 (0) disconnected node: data_field[36]
Cell Random_forest_top_ver3 (0) disconnected node: data_field[37]
Cell Random_forest_top_ver3 (0) disconnected node: data_field[38]
Cell Random_forest_top_ver3 (0) disconnected node: data_field[39]
Cell Random_forest_top_ver3 (0) disconnected node: data_field[3]
Cell Random_forest_top_ver3 (0) disconnected node: data_field[40]
Cell Random_forest_top_ver3 (0) disconnected node: data_field[41]
Cell Random_forest_top_ver3 (0) disconnected node: data_field[42]
Cell Random_forest_top_ver3 (0) disconnected node: data_field[43]
Cell Random_forest_top_ver3 (0) disconnected node: data_field[44]
Cell Random_forest_top_ver3 (0) disconnected node: data_field[45]
Cell Random_forest_top_ver3 (0) disconnected node: data_field[46]
Cell Random_forest_top_ver3 (0) disconnected node: data_field[47]
Cell Random_forest_top_ver3 (0) disconnected node: data_field[48]
Cell Random_forest_top_ver3 (0) disconnected node: data_field[49]
Cell Random_forest_top_ver3 (0) disconnected node: data_field[4]
Cell Random_forest_top_ver3 (0) disconnected node: data_field[50]
Cell Random_forest_top_ver3 (0) disconnected node: data_field[51]
Cell Random_forest_top_ver3 (0) disconnected node: data_field[52]
Cell Random_forest_top_ver3 (0) disconnected node: data_field[53]
Cell Random_forest_top_ver3 (0) disconnected node: data_field[54]
Cell Random_forest_top_ver3 (0) disconnected node: data_field[55]
Cell Random_forest_top_ver3 (0) disconnected node: data_field[56]
Cell Random_forest_top_ver3 (0) disconnected node: data_field[57]
Cell Random_forest_top_ver3 (0) disconnected node: data_field[58]
Cell Random_forest_top_ver3 (0) disconnected node: data_field[59]
Cell Random_forest_top_ver3 (0) disconnected node: data_field[5]
Cell Random_forest_top_ver3 (0) disconnected node: data_field[60]
Cell Random_forest_top_ver3 (0) disconnected node: data_field[61]
Cell Random_forest_top_ver3 (0) disconnected node: data_field[62]
Cell Random_forest_top_ver3 (0) disconnected node: data_field[63]
Cell Random_forest_top_ver3 (0) disconnected node: data_field[6]
Cell Random_forest_top_ver3 (0) disconnected node: data_field[7]
Cell Random_forest_top_ver3 (0) disconnected node: data_field[8]
Cell Random_forest_top_ver3 (0) disconnected node: data_field[9]
Cell Random_forest_top_ver3 (0) disconnected node: timestamp[0]
Cell Random_forest_top_ver3 (0) disconnected node: timestamp[10]
Cell Random_forest_top_ver3 (0) disconnected node: timestamp[11]
Cell Random_forest_top_ver3 (0) disconnected node: timestamp[12]
Cell Random_forest_top_ver3 (0) disconnected node: timestamp[13]
Cell Random_forest_top_ver3 (0) disconnected node: timestamp[14]
Cell Random_forest_top_ver3 (0) disconnected node: timestamp[15]
Cell Random_forest_top_ver3 (0) disconnected node: timestamp[16]
Cell Random_forest_top_ver3 (0) disconnected node: timestamp[17]
Cell Random_forest_top_ver3 (0) disconnected node: timestamp[18]
Cell Random_forest_top_ver3 (0) disconnected node: timestamp[19]
Cell Random_forest_top_ver3 (0) disconnected node: timestamp[1]
Cell Random_forest_top_ver3 (0) disconnected node: timestamp[20]
Cell Random_forest_top_ver3 (0) disconnected node: timestamp[21]
Cell Random_forest_top_ver3 (0) disconnected node: timestamp[22]
Cell Random_forest_top_ver3 (0) disconnected node: timestamp[23]
Cell Random_forest_top_ver3 (0) disconnected node: timestamp[24]
Cell Random_forest_top_ver3 (0) disconnected node: timestamp[25]
Cell Random_forest_top_ver3 (0) disconnected node: timestamp[26]
Cell Random_forest_top_ver3 (0) disconnected node: timestamp[27]
Cell Random_forest_top_ver3 (0) disconnected node: timestamp[28]
Cell Random_forest_top_ver3 (0) disconnected node: timestamp[29]
Cell Random_forest_top_ver3 (0) disconnected node: timestamp[2]
Cell Random_forest_top_ver3 (0) disconnected node: timestamp[30]
Cell Random_forest_top_ver3 (0) disconnected node: timestamp[31]
Cell Random_forest_top_ver3 (0) disconnected node: timestamp[32]
Cell Random_forest_top_ver3 (0) disconnected node: timestamp[33]
Cell Random_forest_top_ver3 (0) disconnected node: timestamp[34]
Cell Random_forest_top_ver3 (0) disconnected node: timestamp[35]
Cell Random_forest_top_ver3 (0) disconnected node: timestamp[36]
Cell Random_forest_top_ver3 (0) disconnected node: timestamp[37]
Cell Random_forest_top_ver3 (0) disconnected node: timestamp[38]
Cell Random_forest_top_ver3 (0) disconnected node: timestamp[39]
Cell Random_forest_top_ver3 (0) disconnected node: timestamp[3]
Cell Random_forest_top_ver3 (0) disconnected node: timestamp[40]
Cell Random_forest_top_ver3 (0) disconnected node: timestamp[41]
Cell Random_forest_top_ver3 (0) disconnected node: timestamp[42]
Cell Random_forest_top_ver3 (0) disconnected node: timestamp[43]
Cell Random_forest_top_ver3 (0) disconnected node: timestamp[44]
Cell Random_forest_top_ver3 (0) disconnected node: timestamp[45]
Cell Random_forest_top_ver3 (0) disconnected node: timestamp[46]
Cell Random_forest_top_ver3 (0) disconnected node: timestamp[47]
Cell Random_forest_top_ver3 (0) disconnected node: timestamp[48]
Cell Random_forest_top_ver3 (0) disconnected node: timestamp[49]
Cell Random_forest_top_ver3 (0) disconnected node: timestamp[4]
Cell Random_forest_top_ver3 (0) disconnected node: timestamp[50]
Cell Random_forest_top_ver3 (0) disconnected node: timestamp[51]
Cell Random_forest_top_ver3 (0) disconnected node: timestamp[52]
Cell Random_forest_top_ver3 (0) disconnected node: timestamp[53]
Cell Random_forest_top_ver3 (0) disconnected node: timestamp[54]
Cell Random_forest_top_ver3 (0) disconnected node: timestamp[55]
Cell Random_forest_top_ver3 (0) disconnected node: timestamp[56]
Cell Random_forest_top_ver3 (0) disconnected node: timestamp[57]
Cell Random_forest_top_ver3 (0) disconnected node: timestamp[58]
Cell Random_forest_top_ver3 (0) disconnected node: timestamp[59]
Cell Random_forest_top_ver3 (0) disconnected node: timestamp[5]
Cell Random_forest_top_ver3 (0) disconnected node: timestamp[60]
Cell Random_forest_top_ver3 (0) disconnected node: timestamp[61]
Cell Random_forest_top_ver3 (0) disconnected node: timestamp[62]
Cell Random_forest_top_ver3 (0) disconnected node: timestamp[63]
Cell Random_forest_top_ver3 (0) disconnected node: timestamp[6]
Cell Random_forest_top_ver3 (0) disconnected node: timestamp[7]
Cell Random_forest_top_ver3 (0) disconnected node: timestamp[8]
Cell Random_forest_top_ver3 (0) disconnected node: timestamp[9]
Cell Random_forest_top_ver3 (1) disconnected node: arbitration_id[63]
Cell Random_forest_top_ver3 (1) disconnected node: arbitration_id[62]
Cell Random_forest_top_ver3 (1) disconnected node: arbitration_id[61]
Cell Random_forest_top_ver3 (1) disconnected node: arbitration_id[60]
Cell Random_forest_top_ver3 (1) disconnected node: arbitration_id[59]
Cell Random_forest_top_ver3 (1) disconnected node: arbitration_id[58]
Cell Random_forest_top_ver3 (1) disconnected node: arbitration_id[57]
Cell Random_forest_top_ver3 (1) disconnected node: arbitration_id[56]
Cell Random_forest_top_ver3 (1) disconnected node: arbitration_id[55]
Cell Random_forest_top_ver3 (1) disconnected node: arbitration_id[54]
Cell Random_forest_top_ver3 (1) disconnected node: arbitration_id[53]
Cell Random_forest_top_ver3 (1) disconnected node: arbitration_id[52]
Cell Random_forest_top_ver3 (1) disconnected node: arbitration_id[51]
Cell Random_forest_top_ver3 (1) disconnected node: arbitration_id[50]
Cell Random_forest_top_ver3 (1) disconnected node: arbitration_id[49]
Cell Random_forest_top_ver3 (1) disconnected node: arbitration_id[48]
Cell Random_forest_top_ver3 (1) disconnected node: arbitration_id[47]
Cell Random_forest_top_ver3 (1) disconnected node: arbitration_id[46]
Cell Random_forest_top_ver3 (1) disconnected node: arbitration_id[45]
Cell Random_forest_top_ver3 (1) disconnected node: arbitration_id[44]
Cell Random_forest_top_ver3 (1) disconnected node: arbitration_id[43]
Cell Random_forest_top_ver3 (1) disconnected node: arbitration_id[42]
Cell Random_forest_top_ver3 (1) disconnected node: arbitration_id[41]
Cell Random_forest_top_ver3 (1) disconnected node: arbitration_id[40]
Cell Random_forest_top_ver3 (1) disconnected node: arbitration_id[39]
Cell Random_forest_top_ver3 (1) disconnected node: arbitration_id[38]
Cell Random_forest_top_ver3 (1) disconnected node: arbitration_id[37]
Cell Random_forest_top_ver3 (1) disconnected node: arbitration_id[36]
Cell Random_forest_top_ver3 (1) disconnected node: arbitration_id[35]
Cell Random_forest_top_ver3 (1) disconnected node: arbitration_id[34]
Cell Random_forest_top_ver3 (1) disconnected node: arbitration_id[33]
Cell Random_forest_top_ver3 (1) disconnected node: arbitration_id[32]
Cell Random_forest_top_ver3 (1) disconnected node: arbitration_id[31]
Cell Random_forest_top_ver3 (1) disconnected node: arbitration_id[30]
Cell Random_forest_top_ver3 (1) disconnected node: arbitration_id[29]
Cell Random_forest_top_ver3 (1) disconnected node: arbitration_id[28]
Cell Random_forest_top_ver3 (1) disconnected node: arbitration_id[27]
Cell Random_forest_top_ver3 (1) disconnected node: arbitration_id[26]
Cell Random_forest_top_ver3 (1) disconnected node: arbitration_id[25]
Cell Random_forest_top_ver3 (1) disconnected node: arbitration_id[24]
Cell Random_forest_top_ver3 (1) disconnected node: arbitration_id[23]
Cell Random_forest_top_ver3 (1) disconnected node: arbitration_id[22]
Cell Random_forest_top_ver3 (1) disconnected node: arbitration_id[21]
Cell Random_forest_top_ver3 (1) disconnected node: arbitration_id[20]
Cell Random_forest_top_ver3 (1) disconnected node: arbitration_id[19]
Cell Random_forest_top_ver3 (1) disconnected node: arbitration_id[18]
Cell Random_forest_top_ver3 (1) disconnected node: arbitration_id[17]
Cell Random_forest_top_ver3 (1) disconnected node: arbitration_id[16]
Cell Random_forest_top_ver3 (1) disconnected node: arbitration_id[15]
Cell Random_forest_top_ver3 (1) disconnected node: arbitration_id[14]
Cell Random_forest_top_ver3 (1) disconnected node: arbitration_id[13]
Cell Random_forest_top_ver3 (1) disconnected node: arbitration_id[12]
Cell Random_forest_top_ver3 (1) disconnected node: arbitration_id[11]
Cell Random_forest_top_ver3 (1) disconnected node: arbitration_id[10]
Cell Random_forest_top_ver3 (1) disconnected node: arbitration_id[9]
Cell Random_forest_top_ver3 (1) disconnected node: arbitration_id[8]
Cell Random_forest_top_ver3 (1) disconnected node: arbitration_id[7]
Cell Random_forest_top_ver3 (1) disconnected node: arbitration_id[6]
Cell Random_forest_top_ver3 (1) disconnected node: arbitration_id[5]
Cell Random_forest_top_ver3 (1) disconnected node: arbitration_id[4]
Cell Random_forest_top_ver3 (1) disconnected node: arbitration_id[3]
Cell Random_forest_top_ver3 (1) disconnected node: arbitration_id[2]
Cell Random_forest_top_ver3 (1) disconnected node: arbitration_id[1]
Cell Random_forest_top_ver3 (1) disconnected node: arbitration_id[0]
Cell Random_forest_top_ver3 (1) disconnected node: data_field[63]
Cell Random_forest_top_ver3 (1) disconnected node: data_field[62]
Cell Random_forest_top_ver3 (1) disconnected node: data_field[61]
Cell Random_forest_top_ver3 (1) disconnected node: data_field[60]
Cell Random_forest_top_ver3 (1) disconnected node: data_field[59]
Cell Random_forest_top_ver3 (1) disconnected node: data_field[58]
Cell Random_forest_top_ver3 (1) disconnected node: data_field[57]
Cell Random_forest_top_ver3 (1) disconnected node: data_field[56]
Cell Random_forest_top_ver3 (1) disconnected node: data_field[55]
Cell Random_forest_top_ver3 (1) disconnected node: data_field[54]
Cell Random_forest_top_ver3 (1) disconnected node: data_field[53]
Cell Random_forest_top_ver3 (1) disconnected node: data_field[52]
Cell Random_forest_top_ver3 (1) disconnected node: data_field[51]
Cell Random_forest_top_ver3 (1) disconnected node: data_field[50]
Cell Random_forest_top_ver3 (1) disconnected node: data_field[49]
Cell Random_forest_top_ver3 (1) disconnected node: data_field[48]
Cell Random_forest_top_ver3 (1) disconnected node: data_field[47]
Cell Random_forest_top_ver3 (1) disconnected node: data_field[46]
Cell Random_forest_top_ver3 (1) disconnected node: data_field[45]
Cell Random_forest_top_ver3 (1) disconnected node: data_field[44]
Cell Random_forest_top_ver3 (1) disconnected node: data_field[43]
Cell Random_forest_top_ver3 (1) disconnected node: data_field[42]
Cell Random_forest_top_ver3 (1) disconnected node: data_field[41]
Cell Random_forest_top_ver3 (1) disconnected node: data_field[40]
Cell Random_forest_top_ver3 (1) disconnected node: data_field[39]
Cell Random_forest_top_ver3 (1) disconnected node: data_field[38]
Cell Random_forest_top_ver3 (1) disconnected node: data_field[37]
Cell Random_forest_top_ver3 (1) disconnected node: data_field[36]
Cell Random_forest_top_ver3 (1) disconnected node: data_field[35]
Cell Random_forest_top_ver3 (1) disconnected node: data_field[34]
Cell Random_forest_top_ver3 (1) disconnected node: data_field[33]
Cell Random_forest_top_ver3 (1) disconnected node: data_field[32]
Cell Random_forest_top_ver3 (1) disconnected node: data_field[31]
Cell Random_forest_top_ver3 (1) disconnected node: data_field[30]
Cell Random_forest_top_ver3 (1) disconnected node: data_field[29]
Cell Random_forest_top_ver3 (1) disconnected node: data_field[28]
Cell Random_forest_top_ver3 (1) disconnected node: data_field[27]
Cell Random_forest_top_ver3 (1) disconnected node: data_field[26]
Cell Random_forest_top_ver3 (1) disconnected node: data_field[25]
Cell Random_forest_top_ver3 (1) disconnected node: data_field[24]
Cell Random_forest_top_ver3 (1) disconnected node: data_field[23]
Cell Random_forest_top_ver3 (1) disconnected node: data_field[22]
Cell Random_forest_top_ver3 (1) disconnected node: data_field[21]
Cell Random_forest_top_ver3 (1) disconnected node: data_field[20]
Cell Random_forest_top_ver3 (1) disconnected node: data_field[19]
Cell Random_forest_top_ver3 (1) disconnected node: data_field[18]
Cell Random_forest_top_ver3 (1) disconnected node: data_field[17]
Cell Random_forest_top_ver3 (1) disconnected node: data_field[16]
Cell Random_forest_top_ver3 (1) disconnected node: data_field[15]
Cell Random_forest_top_ver3 (1) disconnected node: data_field[14]
Cell Random_forest_top_ver3 (1) disconnected node: data_field[13]
Cell Random_forest_top_ver3 (1) disconnected node: data_field[12]
Cell Random_forest_top_ver3 (1) disconnected node: data_field[11]
Cell Random_forest_top_ver3 (1) disconnected node: data_field[10]
Cell Random_forest_top_ver3 (1) disconnected node: data_field[9]
Cell Random_forest_top_ver3 (1) disconnected node: data_field[8]
Cell Random_forest_top_ver3 (1) disconnected node: data_field[7]
Cell Random_forest_top_ver3 (1) disconnected node: data_field[6]
Cell Random_forest_top_ver3 (1) disconnected node: data_field[5]
Cell Random_forest_top_ver3 (1) disconnected node: data_field[4]
Cell Random_forest_top_ver3 (1) disconnected node: data_field[3]
Cell Random_forest_top_ver3 (1) disconnected node: data_field[2]
Cell Random_forest_top_ver3 (1) disconnected node: data_field[1]
Cell Random_forest_top_ver3 (1) disconnected node: data_field[0]
Cell Random_forest_top_ver3 (1) disconnected node: timestamp[63]
Cell Random_forest_top_ver3 (1) disconnected node: timestamp[62]
Cell Random_forest_top_ver3 (1) disconnected node: timestamp[61]
Cell Random_forest_top_ver3 (1) disconnected node: timestamp[60]
Cell Random_forest_top_ver3 (1) disconnected node: timestamp[59]
Cell Random_forest_top_ver3 (1) disconnected node: timestamp[58]
Cell Random_forest_top_ver3 (1) disconnected node: timestamp[57]
Cell Random_forest_top_ver3 (1) disconnected node: timestamp[56]
Cell Random_forest_top_ver3 (1) disconnected node: timestamp[55]
Cell Random_forest_top_ver3 (1) disconnected node: timestamp[54]
Cell Random_forest_top_ver3 (1) disconnected node: timestamp[53]
Cell Random_forest_top_ver3 (1) disconnected node: timestamp[52]
Cell Random_forest_top_ver3 (1) disconnected node: timestamp[51]
Cell Random_forest_top_ver3 (1) disconnected node: timestamp[50]
Cell Random_forest_top_ver3 (1) disconnected node: timestamp[49]
Cell Random_forest_top_ver3 (1) disconnected node: timestamp[48]
Cell Random_forest_top_ver3 (1) disconnected node: timestamp[47]
Cell Random_forest_top_ver3 (1) disconnected node: timestamp[46]
Cell Random_forest_top_ver3 (1) disconnected node: timestamp[45]
Cell Random_forest_top_ver3 (1) disconnected node: timestamp[44]
Cell Random_forest_top_ver3 (1) disconnected node: timestamp[43]
Cell Random_forest_top_ver3 (1) disconnected node: timestamp[42]
Cell Random_forest_top_ver3 (1) disconnected node: timestamp[41]
Cell Random_forest_top_ver3 (1) disconnected node: timestamp[40]
Cell Random_forest_top_ver3 (1) disconnected node: timestamp[39]
Cell Random_forest_top_ver3 (1) disconnected node: timestamp[38]
Cell Random_forest_top_ver3 (1) disconnected node: timestamp[37]
Cell Random_forest_top_ver3 (1) disconnected node: timestamp[36]
Cell Random_forest_top_ver3 (1) disconnected node: timestamp[35]
Cell Random_forest_top_ver3 (1) disconnected node: timestamp[34]
Cell Random_forest_top_ver3 (1) disconnected node: timestamp[33]
Cell Random_forest_top_ver3 (1) disconnected node: timestamp[32]
Cell Random_forest_top_ver3 (1) disconnected node: timestamp[31]
Cell Random_forest_top_ver3 (1) disconnected node: timestamp[30]
Cell Random_forest_top_ver3 (1) disconnected node: timestamp[29]
Cell Random_forest_top_ver3 (1) disconnected node: timestamp[28]
Cell Random_forest_top_ver3 (1) disconnected node: timestamp[27]
Cell Random_forest_top_ver3 (1) disconnected node: timestamp[26]
Cell Random_forest_top_ver3 (1) disconnected node: timestamp[25]
Cell Random_forest_top_ver3 (1) disconnected node: timestamp[24]
Cell Random_forest_top_ver3 (1) disconnected node: timestamp[23]
Cell Random_forest_top_ver3 (1) disconnected node: timestamp[22]
Cell Random_forest_top_ver3 (1) disconnected node: timestamp[21]
Cell Random_forest_top_ver3 (1) disconnected node: timestamp[20]
Cell Random_forest_top_ver3 (1) disconnected node: timestamp[19]
Cell Random_forest_top_ver3 (1) disconnected node: timestamp[18]
Cell Random_forest_top_ver3 (1) disconnected node: timestamp[17]
Cell Random_forest_top_ver3 (1) disconnected node: timestamp[16]
Cell Random_forest_top_ver3 (1) disconnected node: timestamp[15]
Cell Random_forest_top_ver3 (1) disconnected node: timestamp[14]
Cell Random_forest_top_ver3 (1) disconnected node: timestamp[13]
Cell Random_forest_top_ver3 (1) disconnected node: timestamp[12]
Cell Random_forest_top_ver3 (1) disconnected node: timestamp[11]
Cell Random_forest_top_ver3 (1) disconnected node: timestamp[10]
Cell Random_forest_top_ver3 (1) disconnected node: timestamp[9]
Cell Random_forest_top_ver3 (1) disconnected node: timestamp[8]
Cell Random_forest_top_ver3 (1) disconnected node: timestamp[7]
Cell Random_forest_top_ver3 (1) disconnected node: timestamp[6]
Cell Random_forest_top_ver3 (1) disconnected node: timestamp[5]
Cell Random_forest_top_ver3 (1) disconnected node: timestamp[4]
Cell Random_forest_top_ver3 (1) disconnected node: timestamp[3]
Cell Random_forest_top_ver3 (1) disconnected node: timestamp[2]
Cell Random_forest_top_ver3 (1) disconnected node: timestamp[1]
Cell Random_forest_top_ver3 (1) disconnected node: timestamp[0]
Class Random_forest_top_ver3 (0):  Merged 7506 parallel devices.
Class Random_forest_top_ver3 (1):  Merged 7506 parallel devices.
Cell Random_forest_top_ver3 (0) disconnected node: arbitration_id[0]
Cell Random_forest_top_ver3 (0) disconnected node: arbitration_id[10]
Cell Random_forest_top_ver3 (0) disconnected node: arbitration_id[11]
Cell Random_forest_top_ver3 (0) disconnected node: arbitration_id[12]
Cell Random_forest_top_ver3 (0) disconnected node: arbitration_id[13]
Cell Random_forest_top_ver3 (0) disconnected node: arbitration_id[14]
Cell Random_forest_top_ver3 (0) disconnected node: arbitration_id[15]
Cell Random_forest_top_ver3 (0) disconnected node: arbitration_id[16]
Cell Random_forest_top_ver3 (0) disconnected node: arbitration_id[17]
Cell Random_forest_top_ver3 (0) disconnected node: arbitration_id[18]
Cell Random_forest_top_ver3 (0) disconnected node: arbitration_id[19]
Cell Random_forest_top_ver3 (0) disconnected node: arbitration_id[1]
Cell Random_forest_top_ver3 (0) disconnected node: arbitration_id[20]
Cell Random_forest_top_ver3 (0) disconnected node: arbitration_id[21]
Cell Random_forest_top_ver3 (0) disconnected node: arbitration_id[22]
Cell Random_forest_top_ver3 (0) disconnected node: arbitration_id[23]
Cell Random_forest_top_ver3 (0) disconnected node: arbitration_id[24]
Cell Random_forest_top_ver3 (0) disconnected node: arbitration_id[25]
Cell Random_forest_top_ver3 (0) disconnected node: arbitration_id[26]
Cell Random_forest_top_ver3 (0) disconnected node: arbitration_id[27]
Cell Random_forest_top_ver3 (0) disconnected node: arbitration_id[28]
Cell Random_forest_top_ver3 (0) disconnected node: arbitration_id[29]
Cell Random_forest_top_ver3 (0) disconnected node: arbitration_id[2]
Cell Random_forest_top_ver3 (0) disconnected node: arbitration_id[30]
Cell Random_forest_top_ver3 (0) disconnected node: arbitration_id[31]
Cell Random_forest_top_ver3 (0) disconnected node: arbitration_id[32]
Cell Random_forest_top_ver3 (0) disconnected node: arbitration_id[33]
Cell Random_forest_top_ver3 (0) disconnected node: arbitration_id[34]
Cell Random_forest_top_ver3 (0) disconnected node: arbitration_id[35]
Cell Random_forest_top_ver3 (0) disconnected node: arbitration_id[36]
Cell Random_forest_top_ver3 (0) disconnected node: arbitration_id[37]
Cell Random_forest_top_ver3 (0) disconnected node: arbitration_id[38]
Cell Random_forest_top_ver3 (0) disconnected node: arbitration_id[39]
Cell Random_forest_top_ver3 (0) disconnected node: arbitration_id[3]
Cell Random_forest_top_ver3 (0) disconnected node: arbitration_id[40]
Cell Random_forest_top_ver3 (0) disconnected node: arbitration_id[41]
Cell Random_forest_top_ver3 (0) disconnected node: arbitration_id[42]
Cell Random_forest_top_ver3 (0) disconnected node: arbitration_id[43]
Cell Random_forest_top_ver3 (0) disconnected node: arbitration_id[44]
Cell Random_forest_top_ver3 (0) disconnected node: arbitration_id[45]
Cell Random_forest_top_ver3 (0) disconnected node: arbitration_id[46]
Cell Random_forest_top_ver3 (0) disconnected node: arbitration_id[47]
Cell Random_forest_top_ver3 (0) disconnected node: arbitration_id[48]
Cell Random_forest_top_ver3 (0) disconnected node: arbitration_id[49]
Cell Random_forest_top_ver3 (0) disconnected node: arbitration_id[4]
Cell Random_forest_top_ver3 (0) disconnected node: arbitration_id[50]
Cell Random_forest_top_ver3 (0) disconnected node: arbitration_id[51]
Cell Random_forest_top_ver3 (0) disconnected node: arbitration_id[52]
Cell Random_forest_top_ver3 (0) disconnected node: arbitration_id[53]
Cell Random_forest_top_ver3 (0) disconnected node: arbitration_id[54]
Cell Random_forest_top_ver3 (0) disconnected node: arbitration_id[55]
Cell Random_forest_top_ver3 (0) disconnected node: arbitration_id[56]
Cell Random_forest_top_ver3 (0) disconnected node: arbitration_id[57]
Cell Random_forest_top_ver3 (0) disconnected node: arbitration_id[58]
Cell Random_forest_top_ver3 (0) disconnected node: arbitration_id[59]
Cell Random_forest_top_ver3 (0) disconnected node: arbitration_id[5]
Cell Random_forest_top_ver3 (0) disconnected node: arbitration_id[60]
Cell Random_forest_top_ver3 (0) disconnected node: arbitration_id[61]
Cell Random_forest_top_ver3 (0) disconnected node: arbitration_id[62]
Cell Random_forest_top_ver3 (0) disconnected node: arbitration_id[63]
Cell Random_forest_top_ver3 (0) disconnected node: arbitration_id[6]
Cell Random_forest_top_ver3 (0) disconnected node: arbitration_id[7]
Cell Random_forest_top_ver3 (0) disconnected node: arbitration_id[8]
Cell Random_forest_top_ver3 (0) disconnected node: arbitration_id[9]
Cell Random_forest_top_ver3 (0) disconnected node: data_field[0]
Cell Random_forest_top_ver3 (0) disconnected node: data_field[10]
Cell Random_forest_top_ver3 (0) disconnected node: data_field[11]
Cell Random_forest_top_ver3 (0) disconnected node: data_field[12]
Cell Random_forest_top_ver3 (0) disconnected node: data_field[13]
Cell Random_forest_top_ver3 (0) disconnected node: data_field[14]
Cell Random_forest_top_ver3 (0) disconnected node: data_field[15]
Cell Random_forest_top_ver3 (0) disconnected node: data_field[16]
Cell Random_forest_top_ver3 (0) disconnected node: data_field[17]
Cell Random_forest_top_ver3 (0) disconnected node: data_field[18]
Cell Random_forest_top_ver3 (0) disconnected node: data_field[19]
Cell Random_forest_top_ver3 (0) disconnected node: data_field[1]
Cell Random_forest_top_ver3 (0) disconnected node: data_field[20]
Cell Random_forest_top_ver3 (0) disconnected node: data_field[21]
Cell Random_forest_top_ver3 (0) disconnected node: data_field[22]
Cell Random_forest_top_ver3 (0) disconnected node: data_field[23]
Cell Random_forest_top_ver3 (0) disconnected node: data_field[24]
Cell Random_forest_top_ver3 (0) disconnected node: data_field[25]
Cell Random_forest_top_ver3 (0) disconnected node: data_field[26]
Cell Random_forest_top_ver3 (0) disconnected node: data_field[27]
Cell Random_forest_top_ver3 (0) disconnected node: data_field[28]
Cell Random_forest_top_ver3 (0) disconnected node: data_field[29]
Cell Random_forest_top_ver3 (0) disconnected node: data_field[2]
Cell Random_forest_top_ver3 (0) disconnected node: data_field[30]
Cell Random_forest_top_ver3 (0) disconnected node: data_field[31]
Cell Random_forest_top_ver3 (0) disconnected node: data_field[32]
Cell Random_forest_top_ver3 (0) disconnected node: data_field[33]
Cell Random_forest_top_ver3 (0) disconnected node: data_field[34]
Cell Random_forest_top_ver3 (0) disconnected node: data_field[35]
Cell Random_forest_top_ver3 (0) disconnected node: data_field[36]
Cell Random_forest_top_ver3 (0) disconnected node: data_field[37]
Cell Random_forest_top_ver3 (0) disconnected node: data_field[38]
Cell Random_forest_top_ver3 (0) disconnected node: data_field[39]
Cell Random_forest_top_ver3 (0) disconnected node: data_field[3]
Cell Random_forest_top_ver3 (0) disconnected node: data_field[40]
Cell Random_forest_top_ver3 (0) disconnected node: data_field[41]
Cell Random_forest_top_ver3 (0) disconnected node: data_field[42]
Cell Random_forest_top_ver3 (0) disconnected node: data_field[43]
Cell Random_forest_top_ver3 (0) disconnected node: data_field[44]
Cell Random_forest_top_ver3 (0) disconnected node: data_field[45]
Cell Random_forest_top_ver3 (0) disconnected node: data_field[46]
Cell Random_forest_top_ver3 (0) disconnected node: data_field[47]
Cell Random_forest_top_ver3 (0) disconnected node: data_field[48]
Cell Random_forest_top_ver3 (0) disconnected node: data_field[49]
Cell Random_forest_top_ver3 (0) disconnected node: data_field[4]
Cell Random_forest_top_ver3 (0) disconnected node: data_field[50]
Cell Random_forest_top_ver3 (0) disconnected node: data_field[51]
Cell Random_forest_top_ver3 (0) disconnected node: data_field[52]
Cell Random_forest_top_ver3 (0) disconnected node: data_field[53]
Cell Random_forest_top_ver3 (0) disconnected node: data_field[54]
Cell Random_forest_top_ver3 (0) disconnected node: data_field[55]
Cell Random_forest_top_ver3 (0) disconnected node: data_field[56]
Cell Random_forest_top_ver3 (0) disconnected node: data_field[57]
Cell Random_forest_top_ver3 (0) disconnected node: data_field[58]
Cell Random_forest_top_ver3 (0) disconnected node: data_field[59]
Cell Random_forest_top_ver3 (0) disconnected node: data_field[5]
Cell Random_forest_top_ver3 (0) disconnected node: data_field[60]
Cell Random_forest_top_ver3 (0) disconnected node: data_field[61]
Cell Random_forest_top_ver3 (0) disconnected node: data_field[62]
Cell Random_forest_top_ver3 (0) disconnected node: data_field[63]
Cell Random_forest_top_ver3 (0) disconnected node: data_field[6]
Cell Random_forest_top_ver3 (0) disconnected node: data_field[7]
Cell Random_forest_top_ver3 (0) disconnected node: data_field[8]
Cell Random_forest_top_ver3 (0) disconnected node: data_field[9]
Cell Random_forest_top_ver3 (0) disconnected node: timestamp[0]
Cell Random_forest_top_ver3 (0) disconnected node: timestamp[10]
Cell Random_forest_top_ver3 (0) disconnected node: timestamp[11]
Cell Random_forest_top_ver3 (0) disconnected node: timestamp[12]
Cell Random_forest_top_ver3 (0) disconnected node: timestamp[13]
Cell Random_forest_top_ver3 (0) disconnected node: timestamp[14]
Cell Random_forest_top_ver3 (0) disconnected node: timestamp[15]
Cell Random_forest_top_ver3 (0) disconnected node: timestamp[16]
Cell Random_forest_top_ver3 (0) disconnected node: timestamp[17]
Cell Random_forest_top_ver3 (0) disconnected node: timestamp[18]
Cell Random_forest_top_ver3 (0) disconnected node: timestamp[19]
Cell Random_forest_top_ver3 (0) disconnected node: timestamp[1]
Cell Random_forest_top_ver3 (0) disconnected node: timestamp[20]
Cell Random_forest_top_ver3 (0) disconnected node: timestamp[21]
Cell Random_forest_top_ver3 (0) disconnected node: timestamp[22]
Cell Random_forest_top_ver3 (0) disconnected node: timestamp[23]
Cell Random_forest_top_ver3 (0) disconnected node: timestamp[24]
Cell Random_forest_top_ver3 (0) disconnected node: timestamp[25]
Cell Random_forest_top_ver3 (0) disconnected node: timestamp[26]
Cell Random_forest_top_ver3 (0) disconnected node: timestamp[27]
Cell Random_forest_top_ver3 (0) disconnected node: timestamp[28]
Cell Random_forest_top_ver3 (0) disconnected node: timestamp[29]
Cell Random_forest_top_ver3 (0) disconnected node: timestamp[2]
Cell Random_forest_top_ver3 (0) disconnected node: timestamp[30]
Cell Random_forest_top_ver3 (0) disconnected node: timestamp[31]
Cell Random_forest_top_ver3 (0) disconnected node: timestamp[32]
Cell Random_forest_top_ver3 (0) disconnected node: timestamp[33]
Cell Random_forest_top_ver3 (0) disconnected node: timestamp[34]
Cell Random_forest_top_ver3 (0) disconnected node: timestamp[35]
Cell Random_forest_top_ver3 (0) disconnected node: timestamp[36]
Cell Random_forest_top_ver3 (0) disconnected node: timestamp[37]
Cell Random_forest_top_ver3 (0) disconnected node: timestamp[38]
Cell Random_forest_top_ver3 (0) disconnected node: timestamp[39]
Cell Random_forest_top_ver3 (0) disconnected node: timestamp[3]
Cell Random_forest_top_ver3 (0) disconnected node: timestamp[40]
Cell Random_forest_top_ver3 (0) disconnected node: timestamp[41]
Cell Random_forest_top_ver3 (0) disconnected node: timestamp[42]
Cell Random_forest_top_ver3 (0) disconnected node: timestamp[43]
Cell Random_forest_top_ver3 (0) disconnected node: timestamp[44]
Cell Random_forest_top_ver3 (0) disconnected node: timestamp[45]
Cell Random_forest_top_ver3 (0) disconnected node: timestamp[46]
Cell Random_forest_top_ver3 (0) disconnected node: timestamp[47]
Cell Random_forest_top_ver3 (0) disconnected node: timestamp[48]
Cell Random_forest_top_ver3 (0) disconnected node: timestamp[49]
Cell Random_forest_top_ver3 (0) disconnected node: timestamp[4]
Cell Random_forest_top_ver3 (0) disconnected node: timestamp[50]
Cell Random_forest_top_ver3 (0) disconnected node: timestamp[51]
Cell Random_forest_top_ver3 (0) disconnected node: timestamp[52]
Cell Random_forest_top_ver3 (0) disconnected node: timestamp[53]
Cell Random_forest_top_ver3 (0) disconnected node: timestamp[54]
Cell Random_forest_top_ver3 (0) disconnected node: timestamp[55]
Cell Random_forest_top_ver3 (0) disconnected node: timestamp[56]
Cell Random_forest_top_ver3 (0) disconnected node: timestamp[57]
Cell Random_forest_top_ver3 (0) disconnected node: timestamp[58]
Cell Random_forest_top_ver3 (0) disconnected node: timestamp[59]
Cell Random_forest_top_ver3 (0) disconnected node: timestamp[5]
Cell Random_forest_top_ver3 (0) disconnected node: timestamp[60]
Cell Random_forest_top_ver3 (0) disconnected node: timestamp[61]
Cell Random_forest_top_ver3 (0) disconnected node: timestamp[62]
Cell Random_forest_top_ver3 (0) disconnected node: timestamp[63]
Cell Random_forest_top_ver3 (0) disconnected node: timestamp[6]
Cell Random_forest_top_ver3 (0) disconnected node: timestamp[7]
Cell Random_forest_top_ver3 (0) disconnected node: timestamp[8]
Cell Random_forest_top_ver3 (0) disconnected node: timestamp[9]
Cell Random_forest_top_ver3 (1) disconnected node: arbitration_id[63]
Cell Random_forest_top_ver3 (1) disconnected node: arbitration_id[62]
Cell Random_forest_top_ver3 (1) disconnected node: arbitration_id[61]
Cell Random_forest_top_ver3 (1) disconnected node: arbitration_id[60]
Cell Random_forest_top_ver3 (1) disconnected node: arbitration_id[59]
Cell Random_forest_top_ver3 (1) disconnected node: arbitration_id[58]
Cell Random_forest_top_ver3 (1) disconnected node: arbitration_id[57]
Cell Random_forest_top_ver3 (1) disconnected node: arbitration_id[56]
Cell Random_forest_top_ver3 (1) disconnected node: arbitration_id[55]
Cell Random_forest_top_ver3 (1) disconnected node: arbitration_id[54]
Cell Random_forest_top_ver3 (1) disconnected node: arbitration_id[53]
Cell Random_forest_top_ver3 (1) disconnected node: arbitration_id[52]
Cell Random_forest_top_ver3 (1) disconnected node: arbitration_id[51]
Cell Random_forest_top_ver3 (1) disconnected node: arbitration_id[50]
Cell Random_forest_top_ver3 (1) disconnected node: arbitration_id[49]
Cell Random_forest_top_ver3 (1) disconnected node: arbitration_id[48]
Cell Random_forest_top_ver3 (1) disconnected node: arbitration_id[47]
Cell Random_forest_top_ver3 (1) disconnected node: arbitration_id[46]
Cell Random_forest_top_ver3 (1) disconnected node: arbitration_id[45]
Cell Random_forest_top_ver3 (1) disconnected node: arbitration_id[44]
Cell Random_forest_top_ver3 (1) disconnected node: arbitration_id[43]
Cell Random_forest_top_ver3 (1) disconnected node: arbitration_id[42]
Cell Random_forest_top_ver3 (1) disconnected node: arbitration_id[41]
Cell Random_forest_top_ver3 (1) disconnected node: arbitration_id[40]
Cell Random_forest_top_ver3 (1) disconnected node: arbitration_id[39]
Cell Random_forest_top_ver3 (1) disconnected node: arbitration_id[38]
Cell Random_forest_top_ver3 (1) disconnected node: arbitration_id[37]
Cell Random_forest_top_ver3 (1) disconnected node: arbitration_id[36]
Cell Random_forest_top_ver3 (1) disconnected node: arbitration_id[35]
Cell Random_forest_top_ver3 (1) disconnected node: arbitration_id[34]
Cell Random_forest_top_ver3 (1) disconnected node: arbitration_id[33]
Cell Random_forest_top_ver3 (1) disconnected node: arbitration_id[32]
Cell Random_forest_top_ver3 (1) disconnected node: arbitration_id[31]
Cell Random_forest_top_ver3 (1) disconnected node: arbitration_id[30]
Cell Random_forest_top_ver3 (1) disconnected node: arbitration_id[29]
Cell Random_forest_top_ver3 (1) disconnected node: arbitration_id[28]
Cell Random_forest_top_ver3 (1) disconnected node: arbitration_id[27]
Cell Random_forest_top_ver3 (1) disconnected node: arbitration_id[26]
Cell Random_forest_top_ver3 (1) disconnected node: arbitration_id[25]
Cell Random_forest_top_ver3 (1) disconnected node: arbitration_id[24]
Cell Random_forest_top_ver3 (1) disconnected node: arbitration_id[23]
Cell Random_forest_top_ver3 (1) disconnected node: arbitration_id[22]
Cell Random_forest_top_ver3 (1) disconnected node: arbitration_id[21]
Cell Random_forest_top_ver3 (1) disconnected node: arbitration_id[20]
Cell Random_forest_top_ver3 (1) disconnected node: arbitration_id[19]
Cell Random_forest_top_ver3 (1) disconnected node: arbitration_id[18]
Cell Random_forest_top_ver3 (1) disconnected node: arbitration_id[17]
Cell Random_forest_top_ver3 (1) disconnected node: arbitration_id[16]
Cell Random_forest_top_ver3 (1) disconnected node: arbitration_id[15]
Cell Random_forest_top_ver3 (1) disconnected node: arbitration_id[14]
Cell Random_forest_top_ver3 (1) disconnected node: arbitration_id[13]
Cell Random_forest_top_ver3 (1) disconnected node: arbitration_id[12]
Cell Random_forest_top_ver3 (1) disconnected node: arbitration_id[11]
Cell Random_forest_top_ver3 (1) disconnected node: arbitration_id[10]
Cell Random_forest_top_ver3 (1) disconnected node: arbitration_id[9]
Cell Random_forest_top_ver3 (1) disconnected node: arbitration_id[8]
Cell Random_forest_top_ver3 (1) disconnected node: arbitration_id[7]
Cell Random_forest_top_ver3 (1) disconnected node: arbitration_id[6]
Cell Random_forest_top_ver3 (1) disconnected node: arbitration_id[5]
Cell Random_forest_top_ver3 (1) disconnected node: arbitration_id[4]
Cell Random_forest_top_ver3 (1) disconnected node: arbitration_id[3]
Cell Random_forest_top_ver3 (1) disconnected node: arbitration_id[2]
Cell Random_forest_top_ver3 (1) disconnected node: arbitration_id[1]
Cell Random_forest_top_ver3 (1) disconnected node: arbitration_id[0]
Cell Random_forest_top_ver3 (1) disconnected node: data_field[63]
Cell Random_forest_top_ver3 (1) disconnected node: data_field[62]
Cell Random_forest_top_ver3 (1) disconnected node: data_field[61]
Cell Random_forest_top_ver3 (1) disconnected node: data_field[60]
Cell Random_forest_top_ver3 (1) disconnected node: data_field[59]
Cell Random_forest_top_ver3 (1) disconnected node: data_field[58]
Cell Random_forest_top_ver3 (1) disconnected node: data_field[57]
Cell Random_forest_top_ver3 (1) disconnected node: data_field[56]
Cell Random_forest_top_ver3 (1) disconnected node: data_field[55]
Cell Random_forest_top_ver3 (1) disconnected node: data_field[54]
Cell Random_forest_top_ver3 (1) disconnected node: data_field[53]
Cell Random_forest_top_ver3 (1) disconnected node: data_field[52]
Cell Random_forest_top_ver3 (1) disconnected node: data_field[51]
Cell Random_forest_top_ver3 (1) disconnected node: data_field[50]
Cell Random_forest_top_ver3 (1) disconnected node: data_field[49]
Cell Random_forest_top_ver3 (1) disconnected node: data_field[48]
Cell Random_forest_top_ver3 (1) disconnected node: data_field[47]
Cell Random_forest_top_ver3 (1) disconnected node: data_field[46]
Cell Random_forest_top_ver3 (1) disconnected node: data_field[45]
Cell Random_forest_top_ver3 (1) disconnected node: data_field[44]
Cell Random_forest_top_ver3 (1) disconnected node: data_field[43]
Cell Random_forest_top_ver3 (1) disconnected node: data_field[42]
Cell Random_forest_top_ver3 (1) disconnected node: data_field[41]
Cell Random_forest_top_ver3 (1) disconnected node: data_field[40]
Cell Random_forest_top_ver3 (1) disconnected node: data_field[39]
Cell Random_forest_top_ver3 (1) disconnected node: data_field[38]
Cell Random_forest_top_ver3 (1) disconnected node: data_field[37]
Cell Random_forest_top_ver3 (1) disconnected node: data_field[36]
Cell Random_forest_top_ver3 (1) disconnected node: data_field[35]
Cell Random_forest_top_ver3 (1) disconnected node: data_field[34]
Cell Random_forest_top_ver3 (1) disconnected node: data_field[33]
Cell Random_forest_top_ver3 (1) disconnected node: data_field[32]
Cell Random_forest_top_ver3 (1) disconnected node: data_field[31]
Cell Random_forest_top_ver3 (1) disconnected node: data_field[30]
Cell Random_forest_top_ver3 (1) disconnected node: data_field[29]
Cell Random_forest_top_ver3 (1) disconnected node: data_field[28]
Cell Random_forest_top_ver3 (1) disconnected node: data_field[27]
Cell Random_forest_top_ver3 (1) disconnected node: data_field[26]
Cell Random_forest_top_ver3 (1) disconnected node: data_field[25]
Cell Random_forest_top_ver3 (1) disconnected node: data_field[24]
Cell Random_forest_top_ver3 (1) disconnected node: data_field[23]
Cell Random_forest_top_ver3 (1) disconnected node: data_field[22]
Cell Random_forest_top_ver3 (1) disconnected node: data_field[21]
Cell Random_forest_top_ver3 (1) disconnected node: data_field[20]
Cell Random_forest_top_ver3 (1) disconnected node: data_field[19]
Cell Random_forest_top_ver3 (1) disconnected node: data_field[18]
Cell Random_forest_top_ver3 (1) disconnected node: data_field[17]
Cell Random_forest_top_ver3 (1) disconnected node: data_field[16]
Cell Random_forest_top_ver3 (1) disconnected node: data_field[15]
Cell Random_forest_top_ver3 (1) disconnected node: data_field[14]
Cell Random_forest_top_ver3 (1) disconnected node: data_field[13]
Cell Random_forest_top_ver3 (1) disconnected node: data_field[12]
Cell Random_forest_top_ver3 (1) disconnected node: data_field[11]
Cell Random_forest_top_ver3 (1) disconnected node: data_field[10]
Cell Random_forest_top_ver3 (1) disconnected node: data_field[9]
Cell Random_forest_top_ver3 (1) disconnected node: data_field[8]
Cell Random_forest_top_ver3 (1) disconnected node: data_field[7]
Cell Random_forest_top_ver3 (1) disconnected node: data_field[6]
Cell Random_forest_top_ver3 (1) disconnected node: data_field[5]
Cell Random_forest_top_ver3 (1) disconnected node: data_field[4]
Cell Random_forest_top_ver3 (1) disconnected node: data_field[3]
Cell Random_forest_top_ver3 (1) disconnected node: data_field[2]
Cell Random_forest_top_ver3 (1) disconnected node: data_field[1]
Cell Random_forest_top_ver3 (1) disconnected node: data_field[0]
Cell Random_forest_top_ver3 (1) disconnected node: timestamp[63]
Cell Random_forest_top_ver3 (1) disconnected node: timestamp[62]
Cell Random_forest_top_ver3 (1) disconnected node: timestamp[61]
Cell Random_forest_top_ver3 (1) disconnected node: timestamp[60]
Cell Random_forest_top_ver3 (1) disconnected node: timestamp[59]
Cell Random_forest_top_ver3 (1) disconnected node: timestamp[58]
Cell Random_forest_top_ver3 (1) disconnected node: timestamp[57]
Cell Random_forest_top_ver3 (1) disconnected node: timestamp[56]
Cell Random_forest_top_ver3 (1) disconnected node: timestamp[55]
Cell Random_forest_top_ver3 (1) disconnected node: timestamp[54]
Cell Random_forest_top_ver3 (1) disconnected node: timestamp[53]
Cell Random_forest_top_ver3 (1) disconnected node: timestamp[52]
Cell Random_forest_top_ver3 (1) disconnected node: timestamp[51]
Cell Random_forest_top_ver3 (1) disconnected node: timestamp[50]
Cell Random_forest_top_ver3 (1) disconnected node: timestamp[49]
Cell Random_forest_top_ver3 (1) disconnected node: timestamp[48]
Cell Random_forest_top_ver3 (1) disconnected node: timestamp[47]
Cell Random_forest_top_ver3 (1) disconnected node: timestamp[46]
Cell Random_forest_top_ver3 (1) disconnected node: timestamp[45]
Cell Random_forest_top_ver3 (1) disconnected node: timestamp[44]
Cell Random_forest_top_ver3 (1) disconnected node: timestamp[43]
Cell Random_forest_top_ver3 (1) disconnected node: timestamp[42]
Cell Random_forest_top_ver3 (1) disconnected node: timestamp[41]
Cell Random_forest_top_ver3 (1) disconnected node: timestamp[40]
Cell Random_forest_top_ver3 (1) disconnected node: timestamp[39]
Cell Random_forest_top_ver3 (1) disconnected node: timestamp[38]
Cell Random_forest_top_ver3 (1) disconnected node: timestamp[37]
Cell Random_forest_top_ver3 (1) disconnected node: timestamp[36]
Cell Random_forest_top_ver3 (1) disconnected node: timestamp[35]
Cell Random_forest_top_ver3 (1) disconnected node: timestamp[34]
Cell Random_forest_top_ver3 (1) disconnected node: timestamp[33]
Cell Random_forest_top_ver3 (1) disconnected node: timestamp[32]
Cell Random_forest_top_ver3 (1) disconnected node: timestamp[31]
Cell Random_forest_top_ver3 (1) disconnected node: timestamp[30]
Cell Random_forest_top_ver3 (1) disconnected node: timestamp[29]
Cell Random_forest_top_ver3 (1) disconnected node: timestamp[28]
Cell Random_forest_top_ver3 (1) disconnected node: timestamp[27]
Cell Random_forest_top_ver3 (1) disconnected node: timestamp[26]
Cell Random_forest_top_ver3 (1) disconnected node: timestamp[25]
Cell Random_forest_top_ver3 (1) disconnected node: timestamp[24]
Cell Random_forest_top_ver3 (1) disconnected node: timestamp[23]
Cell Random_forest_top_ver3 (1) disconnected node: timestamp[22]
Cell Random_forest_top_ver3 (1) disconnected node: timestamp[21]
Cell Random_forest_top_ver3 (1) disconnected node: timestamp[20]
Cell Random_forest_top_ver3 (1) disconnected node: timestamp[19]
Cell Random_forest_top_ver3 (1) disconnected node: timestamp[18]
Cell Random_forest_top_ver3 (1) disconnected node: timestamp[17]
Cell Random_forest_top_ver3 (1) disconnected node: timestamp[16]
Cell Random_forest_top_ver3 (1) disconnected node: timestamp[15]
Cell Random_forest_top_ver3 (1) disconnected node: timestamp[14]
Cell Random_forest_top_ver3 (1) disconnected node: timestamp[13]
Cell Random_forest_top_ver3 (1) disconnected node: timestamp[12]
Cell Random_forest_top_ver3 (1) disconnected node: timestamp[11]
Cell Random_forest_top_ver3 (1) disconnected node: timestamp[10]
Cell Random_forest_top_ver3 (1) disconnected node: timestamp[9]
Cell Random_forest_top_ver3 (1) disconnected node: timestamp[8]
Cell Random_forest_top_ver3 (1) disconnected node: timestamp[7]
Cell Random_forest_top_ver3 (1) disconnected node: timestamp[6]
Cell Random_forest_top_ver3 (1) disconnected node: timestamp[5]
Cell Random_forest_top_ver3 (1) disconnected node: timestamp[4]
Cell Random_forest_top_ver3 (1) disconnected node: timestamp[3]
Cell Random_forest_top_ver3 (1) disconnected node: timestamp[2]
Cell Random_forest_top_ver3 (1) disconnected node: timestamp[1]
Cell Random_forest_top_ver3 (1) disconnected node: timestamp[0]
Subcircuit summary:
Circuit 1: Random_forest_top_ver3          |Circuit 2: Random_forest_top_ver3          
-------------------------------------------|-------------------------------------------
sky130_fd_sc_hd__diode_2 (1104->84)        |sky130_fd_sc_hd__diode_2 (1104->84)        
sky130_fd_sc_hd__fill_2 (1239->1)          |sky130_fd_sc_hd__fill_2 (1239->1)          
sky130_fd_sc_hd__o22a_1 (7)                |sky130_fd_sc_hd__o22a_1 (7)                
sky130_fd_sc_hd__xor2_1 (11)               |sky130_fd_sc_hd__xor2_1 (11)               
sky130_fd_sc_hd__decap_4 (408->1)          |sky130_fd_sc_hd__decap_4 (408->1)          
sky130_fd_sc_hd__decap_8 (439->1)          |sky130_fd_sc_hd__decap_8 (439->1)          
sky130_fd_sc_hd__fill_1 (995->1)           |sky130_fd_sc_hd__fill_1 (995->1)           
sky130_fd_sc_hd__clkbuf_1 (980)            |sky130_fd_sc_hd__clkbuf_1 (980)            
sky130_ef_sc_hd__decap_12 (1457->1)        |sky130_ef_sc_hd__decap_12 (1457->1)        
sky130_fd_sc_hd__inv_2 (108)               |sky130_fd_sc_hd__inv_2 (108)               
sky130_fd_sc_hd__decap_6 (352->1)          |sky130_fd_sc_hd__decap_6 (352->1)          
sky130_fd_sc_hd__dfrtp_1 (521)             |sky130_fd_sc_hd__dfrtp_1 (521)             
sky130_fd_sc_hd__tapvpwrvgnd_1 (990->1)    |sky130_fd_sc_hd__tapvpwrvgnd_1 (990->1)    
sky130_fd_sc_hd__decap_3 (614->1)          |sky130_fd_sc_hd__decap_3 (614->1)          
sky130_fd_sc_hd__mux2_1 (216)              |sky130_fd_sc_hd__mux2_1 (216)              
sky130_fd_sc_hd__and2_1 (208)              |sky130_fd_sc_hd__and2_1 (208)              
sky130_fd_sc_hd__or4_1 (2)                 |sky130_fd_sc_hd__or4_1 (2)                 
sky130_fd_sc_hd__a22o_1 (27)               |sky130_fd_sc_hd__a22o_1 (27)               
sky130_fd_sc_hd__a2bb2o_1 (3)              |sky130_fd_sc_hd__a2bb2o_1 (3)              
sky130_fd_sc_hd__a21o_1 (30)               |sky130_fd_sc_hd__a21o_1 (30)               
sky130_fd_sc_hd__or2_1 (107)               |sky130_fd_sc_hd__or2_1 (107)               
sky130_fd_sc_hd__or3_1 (25)                |sky130_fd_sc_hd__or3_1 (25)                
sky130_fd_sc_hd__nor2_1 (81)               |sky130_fd_sc_hd__nor2_1 (81)               
sky130_fd_sc_hd__xnor2_1 (17)              |sky130_fd_sc_hd__xnor2_1 (17)              
sky130_fd_sc_hd__buf_8 (7)                 |sky130_fd_sc_hd__buf_8 (7)                 
sky130_fd_sc_hd__dfstp_1 (42)              |sky130_fd_sc_hd__dfstp_1 (42)              
sky130_fd_sc_hd__nand2_1 (54)              |sky130_fd_sc_hd__nand2_1 (54)              
sky130_fd_sc_hd__clkbuf_16 (14)            |sky130_fd_sc_hd__clkbuf_16 (14)            
sky130_fd_sc_hd__a211oi_1 (1)              |sky130_fd_sc_hd__a211oi_1 (1)              
sky130_fd_sc_hd__and4b_1 (2)               |sky130_fd_sc_hd__and4b_1 (2)               
sky130_fd_sc_hd__dlymetal6s2s_1 (13)       |sky130_fd_sc_hd__dlymetal6s2s_1 (13)       
sky130_fd_sc_hd__o2bb2a_1 (24)             |sky130_fd_sc_hd__o2bb2a_1 (24)             
sky130_fd_sc_hd__clkbuf_4 (100)            |sky130_fd_sc_hd__clkbuf_4 (100)            
sky130_fd_sc_hd__buf_2 (30)                |sky130_fd_sc_hd__buf_2 (30)                
sky130_fd_sc_hd__and3_1 (18)               |sky130_fd_sc_hd__and3_1 (18)               
sky130_fd_sc_hd__o211a_1 (5)               |sky130_fd_sc_hd__o211a_1 (5)               
sky130_fd_sc_hd__a221o_1 (11)              |sky130_fd_sc_hd__a221o_1 (11)              
sky130_fd_sc_hd__buf_1 (13)                |sky130_fd_sc_hd__buf_1 (13)                
sky130_fd_sc_hd__and2b_1 (32)              |sky130_fd_sc_hd__and2b_1 (32)              
sky130_fd_sc_hd__a21oi_1 (9)               |sky130_fd_sc_hd__a21oi_1 (9)               
sky130_fd_sc_hd__and3b_1 (5)               |sky130_fd_sc_hd__and3b_1 (5)               
sky130_fd_sc_hd__a31o_1 (9)                |sky130_fd_sc_hd__a31o_1 (9)                
sky130_fd_sc_hd__a2111o_1 (1)              |sky130_fd_sc_hd__a2111o_1 (1)              
sky130_fd_sc_hd__o2111a_1 (5)              |sky130_fd_sc_hd__o2111a_1 (5)              
sky130_fd_sc_hd__o211ai_1 (3)              |sky130_fd_sc_hd__o211ai_1 (3)              
sky130_fd_sc_hd__and4_1 (12)               |sky130_fd_sc_hd__and4_1 (12)               
sky130_fd_sc_hd__o221a_1 (21)              |sky130_fd_sc_hd__o221a_1 (21)              
sky130_fd_sc_hd__clkinvlp_4 (9)            |sky130_fd_sc_hd__clkinvlp_4 (9)            
sky130_fd_sc_hd__a221oi_1 (3)              |sky130_fd_sc_hd__a221oi_1 (3)              
sky130_fd_sc_hd__a211o_1 (2)               |sky130_fd_sc_hd__a211o_1 (2)               
sky130_fd_sc_hd__or3b_1 (4)                |sky130_fd_sc_hd__or3b_1 (4)                
sky130_fd_sc_hd__buf_12 (1)                |sky130_fd_sc_hd__buf_12 (1)                
sky130_fd_sc_hd__clkinv_4 (11)             |sky130_fd_sc_hd__clkinv_4 (11)             
sky130_fd_sc_hd__inv_6 (15)                |sky130_fd_sc_hd__inv_6 (15)                
sky130_fd_sc_hd__nor3_1 (2)                |sky130_fd_sc_hd__nor3_1 (2)                
sky130_fd_sc_hd__o21a_1 (5)                |sky130_fd_sc_hd__o21a_1 (5)                
sky130_fd_sc_hd__bufinv_16 (11)            |sky130_fd_sc_hd__bufinv_16 (11)            
sky130_fd_sc_hd__o31a_1 (4)                |sky130_fd_sc_hd__o31a_1 (4)                
sky130_fd_sc_hd__buf_4 (5)                 |sky130_fd_sc_hd__buf_4 (5)                 
sky130_fd_sc_hd__clkinv_1 (4)              |sky130_fd_sc_hd__clkinv_1 (4)              
sky130_fd_sc_hd__dfrtp_4 (4)               |sky130_fd_sc_hd__dfrtp_4 (4)               
sky130_fd_sc_hd__clkinvlp_2 (1)            |sky130_fd_sc_hd__clkinvlp_2 (1)            
sky130_fd_sc_hd__inv_8 (3)                 |sky130_fd_sc_hd__inv_8 (3)                 
sky130_fd_sc_hd__o21ai_1 (5)               |sky130_fd_sc_hd__o21ai_1 (5)               
sky130_fd_sc_hd__clkinv_2 (5)              |sky130_fd_sc_hd__clkinv_2 (5)              
sky130_fd_sc_hd__a41o_1 (4)                |sky130_fd_sc_hd__a41o_1 (4)                
sky130_fd_sc_hd__clkbuf_2 (3)              |sky130_fd_sc_hd__clkbuf_2 (3)              
sky130_fd_sc_hd__conb_1 (1)                |sky130_fd_sc_hd__conb_1 (1)                
sky130_fd_sc_hd__o31ai_1 (1)               |sky130_fd_sc_hd__o31ai_1 (1)               
sky130_fd_sc_hd__o41a_1 (2)                |sky130_fd_sc_hd__o41a_1 (2)                
sky130_fd_sc_hd__nor2_2 (1)                |sky130_fd_sc_hd__nor2_2 (1)                
sky130_fd_sc_hd__clkinv_8 (1)              |sky130_fd_sc_hd__clkinv_8 (1)              
sky130_fd_sc_hd__a32o_1 (1)                |sky130_fd_sc_hd__a32o_1 (1)                
sky130_fd_sc_hd__dfrtp_2 (2)               |sky130_fd_sc_hd__dfrtp_2 (2)               
sky130_fd_sc_hd__nand3_1 (1)               |sky130_fd_sc_hd__nand3_1 (1)               
sky130_fd_sc_hd__a22oi_1 (2)               |sky130_fd_sc_hd__a22oi_1 (2)               
sky130_fd_sc_hd__and4bb_1 (1)              |sky130_fd_sc_hd__and4bb_1 (1)              
sky130_fd_sc_hd__or2b_1 (3)                |sky130_fd_sc_hd__or2b_1 (3)                
sky130_fd_sc_hd__a2111oi_1 (2)             |sky130_fd_sc_hd__a2111oi_1 (2)             
sky130_fd_sc_hd__dlygate4sd3_1 (1)         |sky130_fd_sc_hd__dlygate4sd3_1 (1)         
sky130_fd_sc_hd__nor4_1 (1)                |sky130_fd_sc_hd__nor4_1 (1)                
sky130_fd_sc_hd__a21boi_1 (1)              |sky130_fd_sc_hd__a21boi_1 (1)              
sky130_fd_sc_hd__or2_2 (1)                 |sky130_fd_sc_hd__or2_2 (1)                 
sky130_fd_sc_hd__o22ai_1 (1)               |sky130_fd_sc_hd__o22ai_1 (1)               
sky130_fd_sc_hd__o311a_1 (1)               |sky130_fd_sc_hd__o311a_1 (1)               
sky130_fd_sc_hd__or4bb_1 (1)               |sky130_fd_sc_hd__or4bb_1 (1)               
Number of devices: 2992                    |Number of devices: 2992                    
Number of nets: 2906                       |Number of nets: 2906                       
---------------------------------------------------------------------------------------
Netlists match uniquely.

Subcircuit pins:
Circuit 1: Random_forest_top_ver3          |Circuit 2: Random_forest_top_ver3          
-------------------------------------------|-------------------------------------------
prediction_out                             |prediction_out                             
frame_id_out[3]                            |frame_id_out[3]                            
frame_id_out[2]                            |frame_id_out[2]                            
frame_id_out[1]                            |frame_id_out[1]                            
frame_id_out[0]                            |frame_id_out[0]                            
prediction_valid                           |prediction_valid                           
frame_id_out[4]                            |frame_id_out[4]                            
ready_for_next                             |ready_for_next                             
rst_n                                      |rst_n                                      
feature_valid                              |feature_valid                              
clk                                        |clk                                        
VGND                                       |VGND                                       
VPWR                                       |VPWR                                       
arbitration_id[0]                          |arbitration_id[0]                          
arbitration_id[10]                         |arbitration_id[10]                         
arbitration_id[11]                         |arbitration_id[11]                         
arbitration_id[12]                         |arbitration_id[12]                         
arbitration_id[13]                         |arbitration_id[13]                         
arbitration_id[14]                         |arbitration_id[14]                         
arbitration_id[15]                         |arbitration_id[15]                         
arbitration_id[16]                         |arbitration_id[16]                         
arbitration_id[17]                         |arbitration_id[17]                         
arbitration_id[18]                         |arbitration_id[18]                         
arbitration_id[19]                         |arbitration_id[19]                         
arbitration_id[1]                          |arbitration_id[1]                          
arbitration_id[20]                         |arbitration_id[20]                         
arbitration_id[21]                         |arbitration_id[21]                         
arbitration_id[22]                         |arbitration_id[22]                         
arbitration_id[23]                         |arbitration_id[23]                         
arbitration_id[24]                         |arbitration_id[24]                         
arbitration_id[25]                         |arbitration_id[25]                         
arbitration_id[26]                         |arbitration_id[26]                         
arbitration_id[27]                         |arbitration_id[27]                         
arbitration_id[28]                         |arbitration_id[28]                         
arbitration_id[29]                         |arbitration_id[29]                         
arbitration_id[2]                          |arbitration_id[2]                          
arbitration_id[30]                         |arbitration_id[30]                         
arbitration_id[31]                         |arbitration_id[31]                         
arbitration_id[32]                         |arbitration_id[32]                         
arbitration_id[33]                         |arbitration_id[33]                         
arbitration_id[34]                         |arbitration_id[34]                         
arbitration_id[35]                         |arbitration_id[35]                         
arbitration_id[36]                         |arbitration_id[36]                         
arbitration_id[37]                         |arbitration_id[37]                         
arbitration_id[38]                         |arbitration_id[38]                         
arbitration_id[39]                         |arbitration_id[39]                         
arbitration_id[3]                          |arbitration_id[3]                          
arbitration_id[40]                         |arbitration_id[40]                         
arbitration_id[41]                         |arbitration_id[41]                         
arbitration_id[42]                         |arbitration_id[42]                         
arbitration_id[43]                         |arbitration_id[43]                         
arbitration_id[44]                         |arbitration_id[44]                         
arbitration_id[45]                         |arbitration_id[45]                         
arbitration_id[46]                         |arbitration_id[46]                         
arbitration_id[47]                         |arbitration_id[47]                         
arbitration_id[48]                         |arbitration_id[48]                         
arbitration_id[49]                         |arbitration_id[49]                         
arbitration_id[4]                          |arbitration_id[4]                          
arbitration_id[50]                         |arbitration_id[50]                         
arbitration_id[51]                         |arbitration_id[51]                         
arbitration_id[52]                         |arbitration_id[52]                         
arbitration_id[53]                         |arbitration_id[53]                         
arbitration_id[54]                         |arbitration_id[54]                         
arbitration_id[55]                         |arbitration_id[55]                         
arbitration_id[56]                         |arbitration_id[56]                         
arbitration_id[57]                         |arbitration_id[57]                         
arbitration_id[58]                         |arbitration_id[58]                         
arbitration_id[59]                         |arbitration_id[59]                         
arbitration_id[5]                          |arbitration_id[5]                          
arbitration_id[60]                         |arbitration_id[60]                         
arbitration_id[61]                         |arbitration_id[61]                         
arbitration_id[62]                         |arbitration_id[62]                         
arbitration_id[63]                         |arbitration_id[63]                         
arbitration_id[6]                          |arbitration_id[6]                          
arbitration_id[7]                          |arbitration_id[7]                          
arbitration_id[8]                          |arbitration_id[8]                          
arbitration_id[9]                          |arbitration_id[9]                          
data_field[0]                              |data_field[0]                              
data_field[10]                             |data_field[10]                             
data_field[11]                             |data_field[11]                             
data_field[12]                             |data_field[12]                             
data_field[13]                             |data_field[13]                             
data_field[14]                             |data_field[14]                             
data_field[15]                             |data_field[15]                             
data_field[16]                             |data_field[16]                             
data_field[17]                             |data_field[17]                             
data_field[18]                             |data_field[18]                             
data_field[19]                             |data_field[19]                             
data_field[1]                              |data_field[1]                              
data_field[20]                             |data_field[20]                             
data_field[21]                             |data_field[21]                             
data_field[22]                             |data_field[22]                             
data_field[23]                             |data_field[23]                             
data_field[24]                             |data_field[24]                             
data_field[25]                             |data_field[25]                             
data_field[26]                             |data_field[26]                             
data_field[27]                             |data_field[27]                             
data_field[28]                             |data_field[28]                             
data_field[29]                             |data_field[29]                             
data_field[2]                              |data_field[2]                              
data_field[30]                             |data_field[30]                             
data_field[31]                             |data_field[31]                             
data_field[32]                             |data_field[32]                             
data_field[33]                             |data_field[33]                             
data_field[34]                             |data_field[34]                             
data_field[35]                             |data_field[35]                             
data_field[36]                             |data_field[36]                             
data_field[37]                             |data_field[37]                             
data_field[38]                             |data_field[38]                             
data_field[39]                             |data_field[39]                             
data_field[3]                              |data_field[3]                              
data_field[40]                             |data_field[40]                             
data_field[41]                             |data_field[41]                             
data_field[42]                             |data_field[42]                             
data_field[43]                             |data_field[43]                             
data_field[44]                             |data_field[44]                             
data_field[45]                             |data_field[45]                             
data_field[46]                             |data_field[46]                             
data_field[47]                             |data_field[47]                             
data_field[48]                             |data_field[48]                             
data_field[49]                             |data_field[49]                             
data_field[4]                              |data_field[4]                              
data_field[50]                             |data_field[50]                             
data_field[51]                             |data_field[51]                             
data_field[52]                             |data_field[52]                             
data_field[53]                             |data_field[53]                             
data_field[54]                             |data_field[54]                             
data_field[55]                             |data_field[55]                             
data_field[56]                             |data_field[56]                             
data_field[57]                             |data_field[57]                             
data_field[58]                             |data_field[58]                             
data_field[59]                             |data_field[59]                             
data_field[5]                              |data_field[5]                              
data_field[60]                             |data_field[60]                             
data_field[61]                             |data_field[61]                             
data_field[62]                             |data_field[62]                             
data_field[63]                             |data_field[63]                             
data_field[6]                              |data_field[6]                              
data_field[7]                              |data_field[7]                              
data_field[8]                              |data_field[8]                              
data_field[9]                              |data_field[9]                              
timestamp[0]                               |timestamp[0]                               
timestamp[10]                              |timestamp[10]                              
timestamp[11]                              |timestamp[11]                              
timestamp[12]                              |timestamp[12]                              
timestamp[13]                              |timestamp[13]                              
timestamp[14]                              |timestamp[14]                              
timestamp[15]                              |timestamp[15]                              
timestamp[16]                              |timestamp[16]                              
timestamp[17]                              |timestamp[17]                              
timestamp[18]                              |timestamp[18]                              
timestamp[19]                              |timestamp[19]                              
timestamp[1]                               |timestamp[1]                               
timestamp[20]                              |timestamp[20]                              
timestamp[21]                              |timestamp[21]                              
timestamp[22]                              |timestamp[22]                              
timestamp[23]                              |timestamp[23]                              
timestamp[24]                              |timestamp[24]                              
timestamp[25]                              |timestamp[25]                              
timestamp[26]                              |timestamp[26]                              
timestamp[27]                              |timestamp[27]                              
timestamp[28]                              |timestamp[28]                              
timestamp[29]                              |timestamp[29]                              
timestamp[2]                               |timestamp[2]                               
timestamp[30]                              |timestamp[30]                              
timestamp[31]                              |timestamp[31]                              
timestamp[32]                              |timestamp[32]                              
timestamp[33]                              |timestamp[33]                              
timestamp[34]                              |timestamp[34]                              
timestamp[35]                              |timestamp[35]                              
timestamp[36]                              |timestamp[36]                              
timestamp[37]                              |timestamp[37]                              
timestamp[38]                              |timestamp[38]                              
timestamp[39]                              |timestamp[39]                              
timestamp[3]                               |timestamp[3]                               
timestamp[40]                              |timestamp[40]                              
timestamp[41]                              |timestamp[41]                              
timestamp[42]                              |timestamp[42]                              
timestamp[43]                              |timestamp[43]                              
timestamp[44]                              |timestamp[44]                              
timestamp[45]                              |timestamp[45]                              
timestamp[46]                              |timestamp[46]                              
timestamp[47]                              |timestamp[47]                              
timestamp[48]                              |timestamp[48]                              
timestamp[49]                              |timestamp[49]                              
timestamp[4]                               |timestamp[4]                               
timestamp[50]                              |timestamp[50]                              
timestamp[51]                              |timestamp[51]                              
timestamp[52]                              |timestamp[52]                              
timestamp[53]                              |timestamp[53]                              
timestamp[54]                              |timestamp[54]                              
timestamp[55]                              |timestamp[55]                              
timestamp[56]                              |timestamp[56]                              
timestamp[57]                              |timestamp[57]                              
timestamp[58]                              |timestamp[58]                              
timestamp[59]                              |timestamp[59]                              
timestamp[5]                               |timestamp[5]                               
timestamp[60]                              |timestamp[60]                              
timestamp[61]                              |timestamp[61]                              
timestamp[62]                              |timestamp[62]                              
timestamp[63]                              |timestamp[63]                              
timestamp[6]                               |timestamp[6]                               
timestamp[7]                               |timestamp[7]                               
timestamp[8]                               |timestamp[8]                               
timestamp[9]                               |timestamp[9]                               
---------------------------------------------------------------------------------------
Cell pin lists are equivalent.
Device classes Random_forest_top_ver3 and Random_forest_top_ver3 are equivalent.

Final result: Circuits match uniquely.
.
